COMPANY_KEY,COMPANY_NAME,NICHE_IDS,ROOT_DOMAIN,WEB,WEB_ESTADO,WEB_HTTP_STATUS,ESTADO_EMAIL,EMAIL_PRINCIPAL,EMAIL_VENTAS,EMAIL_CONTACTO,EMAIL_COMERCIAL,EMAIL_SOPORTE,EMAIL_LOGISTICA,EMAIL_ADMINISTRACION,EMAILS_ROL_INSTITUCIONAL,EMAILS_PERSONALES_PUBLICOS,EMAILS_TODOS,TOTAL_EMAILS,TOTAL_ROL_INSTITUCIONAL,TOTAL_PERSONALES_PUBLICOS,TELEFONOS,BEST_URL,BEST_SCORE,RESULT_COUNT,QUERY_COUNT,PROVIDERS,QUERIES,DISCOVERY_STATUS,DISCOVERED_AT,LAST_SEEN_AT,ESTADO_PROCESO,FECHA_EXPORTACION,SOURCE_URLS,EMAIL_GERENCIA,EMAILS_DOMINIO_OFICIAL,EMAILS_PUBLICOS_GENERICOS,EMAILS_EXTERNOS_PUBLICADOS
0e565e4cc4d96130c1fa6f5c6758c87567b03b23,Servicio de Alquiler de Computadoras,leasing_laptops,compumarket.pe,https://compumarket.pe/producto/12911-servicio-de-alquiler-de-computadoras-mensual-hp-dell-lenovo-ensambladas.-entrega-inmediata.-servicios-incluidos.?srsltid=AU7gw4X4azcKsuuvlRZPUdTCgFMfxbe5_EsX8hxyeZZEAssLMjJKkfkD,OK,200,CON_CORREO_OFICIAL,ventas@compumarket.pe,ventas@compumarket.pe;ventas@compumarket.com,,,,,,ventas@compumarket.pe;ventas@compumarket.com,,ventas@compumarket.pe;ventas@compumarket.com,2,2,0,924969933;936892681,https://compumarket.pe/producto/12911-servicio-de-alquiler-de-computadoras-mensual-hp-dell-lenovo-ensambladas.-entrega-inmediata.-servicios-incluidos.?srsltid=AU7gw4X4azcKsuuvlRZPUdTCgFMfxbe5_EsX8hxyeZZEAssLMjJKkfkD,213,4,4,serper,alquiler de computadoras empresas Perú;alquiler de equipos de cómputo Perú;alquiler de laptops empresas Perú;alquiler de notebooks empresas Lima,DISCOVERED,2026-09-30T18:42:35,2026-09-30T18:59:16,CON_CONTACTO,2026-09-30T19:05:29,https://compumarket.pe/producto/12911-servicio-de-alquiler-de-computadoras-mensual-hp-dell-lenovo-ensambladas.-entrega-inmediata.-servicios-incluidos.?srsltid=AU7gw4X4azcKsuuvlRZPUdTCgFMfxbe5_EsX8hxyeZZEAssLMjJKkfkD;https://compumarket.pe/producto/12911-servicio-de-alquiler-de-computadoras-mensual-hp-dell-lenovo-ensambladas.-entrega-inmediata.-servicios-incluidos.?srsltid=AU7gw4X4GC6xZV4XlrD2j7BriIsbDH-sCoC7UIt-4FnmwJ3oPBxvXIwg;https://compumarket.pe/producto/12911-servicio-de-alquiler-de-computadoras-mensual-hp-dell-lenovo-ensambladas.-entrega-inmediata.-servicios-incluidos.?srsltid=AU7gw4VrxFh8lPp4DovhbgJLldVWIeHIOGY5pFauEpCvW2TXxNBTyIof;https://compumarket.pe/producto/12911-servicio-de-alquiler-de-computadoras-mensual-hp-dell-lenovo-ensambladas.-entrega-inmediata.-servicios-incluidos.?srsltid=AU7gw4UswvaikPmi1-R1RXVBX_dp8q1-CfSx3y_c1Z9_1kBGyWtszhVb,,ventas@compumarket.pe,,ventas@compumarket.com
1399f19561165553d5acfb6f33549048c0381966,¿Qué es el renting tecnológico y cómo puede ayudar a mi ...,leasing_laptops,bancsabadell.com,https://www.bancsabadell.com/bsnacional/es/blog/que-es-el-renting-tecnologico-y-como-puede-ayudar-a-mi-empresa/,OK,200,SIN_EMAIL,,,,,,,,,,,0,0,0,,https://www.bancsabadell.com/bsnacional/es/blog/que-es-el-renting-tecnologico-y-como-puede-ayudar-a-mi-empresa/,162,1,1,serper,renting tecnológico Perú,DISCOVERED,2026-09-30T18:59:16,2026-09-30T18:59:16,WEB_SIN_CONTACTO,2026-09-30T19:05:29,https://www.bancsabadell.com/bsnacional/es/blog/que-es-el-renting-tecnologico-y-como-puede-ayudar-a-mi-empresa/,,,,
1b2199da3a112cbbc72f16c6d05cd472b4f276d3,PeruLaptops: Alquiler de laptops para empresas y proyectos ...,leasing_laptops,perulaptops.pe,https://perulaptops.pe/,OK,200,CON_CORREO_EXTERNO_PUBLICADO,ventas@dnp.com.pe,ventas@dnp.com.pe,,alquiler@dnp.com.pe,soporte@dnp.com.pe,,,ventas@dnp.com.pe;alquiler@dnp.com.pe;soporte@dnp.com.pe,certificados@dnp.com.pe,ventas@dnp.com.pe;alquiler@dnp.com.pe;soporte@dnp.com.pe;certificados@dnp.com.pe,4,3,1,988556701;960497640;4701407,https://perulaptops.pe/,213,8,8,serper,alquiler de computadoras empresas Perú;alquiler de equipos de cómputo Perú;alquiler de laptops empresas Perú;alquiler de notebooks empresas Lima;alquiler laptop corporativo Perú;leasing de laptops Perú;leasing tecnológico Perú;renting de laptops Perú,DISCOVERED,2026-09-30T18:42:35,2026-09-30T18:59:16,CON_CONTACTO,2026-09-30T19:05:29,https://perulaptops.pe/;https://perulaptops.pe/leasing-operativo.html,,,,ventas@dnp.com.pe;alquiler@dnp.com.pe;soporte@dnp.com.pe;certificados@dnp.com.pe
1cef03d0007d6e245888a97920869b8ee62786cb,Alquiler de laptops en lima,leasing_laptops,innovalaptops.com,https://innovalaptops.com/,ERROR,403,SIN_EMAIL,,,,,,,,,,,0,0,0,,https://innovalaptops.com/,170,1,1,serper,alquiler de notebooks empresas Lima,DISCOVERED,2026-09-30T18:59:16,2026-09-30T18:59:16,PENDIENTE,2026-09-30T19:05:29,https://innovalaptops.com/,,,,
261a037a06348da4f8c02fe62563e0f1cc78fceb,Leasein: La Fintech Peruana Revoluciona el Leasing con ...,leasing_laptops,blogventurecapital.com,https://www.blogventurecapital.com/Leasein-La-Fintech-Peruana-Revoluciona-el-Leasing-con-Tecnologia-y-Sostenibilidad_a574.html,OK,200,SIN_EMAIL,,,,,,,,,,,0,0,0,,https://www.blogventurecapital.com/Leasein-La-Fintech-Peruana-Revoluciona-el-Leasing-con-Tecnologia-y-Sostenibilidad_a574.html,146,1,1,serper,leasing tecnológico Perú,DISCOVERED,2026-09-30T18:59:16,2026-09-30T18:59:16,WEB_SIN_CONTACTO,2026-09-30T19:05:29,https://www.blogventurecapital.com/Leasein-La-Fintech-Peruana-Revoluciona-el-Leasing-con-Tecnologia-y-Sostenibilidad_a574.html,,,,
34f7f8a53724856d0a6c53f544f9712bad60755c,Alquiler de laptops: GlobalSolutions,leasing_laptops,globalrentingperu.com,https://www.globalrentingperu.com/,OK,200,CON_CORREO_EXTERNO_PUBLICADO,lgarcia@globals.pe,,,,,,,,lgarcia@globals.pe,lgarcia@globals.pe,1,0,1,4471717,https://www.globalrentingperu.com/,180,5,5,serper,alquiler de computadoras empresas Perú;alquiler de equipos de cómputo Perú;alquiler de laptops empresas Perú;alquiler laptop corporativo Perú;renting de laptops Perú,DISCOVERED,2026-09-30T18:42:35,2026-09-30T18:59:16,CON_CONTACTO,2026-09-30T19:05:29,https://www.globalrentingperu.com/,,,,lgarcia@globals.pe
3a747d40d948e34f83bfe278016c97ee9166da33,Leasing Tecnológico,leasing_laptops,latamtradecapital.com,https://www.latamtradecapital.com/peru/leasing-tecnologico.html,OK,200,CON_CORREO_OFICIAL,amoyano@latamtradecapital.com,,,,,,,,amoyano@latamtradecapital.com;canaldedenuncia@latamtradecapital.com;tucorreo@empresa.com;correo@empresa.com,amoyano@latamtradecapital.com;canaldedenuncia@latamtradecapital.com;tucorreo@empresa.com;correo@empresa.com,4,0,4,7437474;1234567;4845810;7662813;900123456,https://www.latamtradecapital.com/peru/leasing-tecnologico.html,154,1,1,serper,leasing tecnológico Perú,DISCOVERED,2026-09-30T18:59:16,2026-09-30T18:59:16,CON_CONTACTO,2026-09-30T19:05:29,https://www.latamtradecapital.com/peru/leasing-tecnologico.html,,amoyano@latamtradecapital.com;canaldedenuncia@latamtradecapital.com,,tucorreo@empresa.com;correo@empresa.com
3d4ac363b8a0aebd9379daae76664ce1325186e1,LEASING OPERATIVO,leasing_laptops,globals.pe,https://globals.pe/leasing-operativo/,OK,200,CON_CORREO_OFICIAL,mfelix@globals.pe,,,,,,,,mfelix@globals.pe,mfelix@globals.pe,1,0,1,946054391;992729743,https://globals.pe/leasing-operativo/,169,1,1,serper,leasing de laptops Perú,DISCOVERED,2026-09-30T18:42:35,2026-09-30T18:59:16,CON_CONTACTO,2026-09-30T19:05:29,https://globals.pe/leasing-operativo/,,mfelix@globals.pe,,
409ddeeb094045346512d130a8615d877d59fd9c,Arrendamiento de laptops para empresas en Peru,leasing_laptops,cervware.com,https://cervware.com/arrendamiento-laptops-empresas-peru/,OK,200,CON_CORREO_OFICIAL,ventas@cervware.com,ventas@cervware.com,,,,,,ventas@cervware.com,,ventas@cervware.com,1,1,0,949778715,https://cervware.com/arrendamiento-laptops-empresas-peru/,178,1,1,serper,alquiler laptop corporativo Perú,DISCOVERED,2026-09-30T18:59:16,2026-09-30T18:59:16,CON_CONTACTO,2026-09-30T19:05:29,https://cervware.com/arrendamiento-laptops-empresas-peru/,,ventas@cervware.com,,
4c3427773c82de1b335290dc4c6af20c1a033e4d,Qué es el renting tecnológico y sus principales ventajas,leasing_laptops,camaranavarra.com,https://ticnegocios.camaranavarra.com/servicios/tendencias/que-es-el-renting-tecnologico-y-sus-principales-ventajas/,OK,200,CON_CORREO_OFICIAL,informacion@camaranavarra.com,,informacion@camaranavarra.com;informacion@camaranvarra.com,,,,,informacion@camaranavarra.com;informacion@camaranvarra.com,,informacion@camaranavarra.com;informacion@camaranvarra.com,2,2,0,,https://ticnegocios.camaranavarra.com/servicios/tendencias/que-es-el-renting-tecnologico-y-sus-principales-ventajas/,154,1,1,serper,renting tecnológico Perú,DISCOVERED,2026-09-30T18:59:16,2026-09-30T18:59:16,CON_CONTACTO,2026-09-30T19:05:29,https://ticnegocios.camaranavarra.com/servicios/tendencias/que-es-el-renting-tecnologico-y-sus-principales-ventajas/,,informacion@camaranavarra.com,,informacion@camaranvarra.com
5319e01a1baac68da72e174aea5f8e8e1ebf7bc9,Leasing Tecnológico Corporativo,leasing_laptops,telsis.com.pe,,ERROR,,SIN_EMAIL,,,,,,,,,,,0,0,0,,https://www.telsis.com.pe/leasing,166,1,1,serper,leasing tecnológico Perú,DISCOVERED,2026-09-30T18:59:16,2026-09-30T18:59:16,PENDIENTE,2026-09-30T19:05:29,https://www.telsis.com.pe/leasing,,,,
544000454f3ee5f4a750578dc4263c9e3674e53c,Alquiler de Laptops Corporativas en Perú,leasing_laptops,alquilalaptops.com,https://alquilalaptops.com/,OK,200,CON_CORREO_EXTERNO_PUBLICADO,ejemplo@empresa.com,,,,,,,,ejemplo@empresa.com,ejemplo@empresa.com,1,0,1,,https://alquilalaptops.com/,154,2,2,serper,alquiler de laptops empresas Perú;alquiler laptop corporativo Perú,DISCOVERED,2026-09-30T18:42:35,2026-09-30T18:59:16,CON_CONTACTO,2026-09-30T19:05:29,https://alquilalaptops.com/,,,,ejemplo@empresa.com
6072310c34cb36d2cc36d124c54cb036aca79f06,¿Qué es el renting tecnológico y cómo ayuda a las empresas,leasing_laptops,k-tuin.com,https://www.k-tuin.com/blog/que-es-renting-tecnologico,OK,200,CON_CORREO_EXTERNO_PUBLICADO,johndoe@domain.com,,,,,,,,johndoe@domain.com;juanperez@dominio.com;sweetalert2@8-hshs86l9o.js,johndoe@domain.com;juanperez@dominio.com;sweetalert2@8-hshs86l9o.js,3,0,3,876507948,https://www.k-tuin.com/blog/que-es-renting-tecnologico,156,1,1,serper,renting tecnológico Perú,DISCOVERED,2026-09-30T18:59:16,2026-09-30T18:59:16,CON_CONTACTO,2026-09-30T19:05:29,https://www.k-tuin.com/blog/que-es-renting-tecnologico,,,,johndoe@domain.com;juanperez@dominio.com;sweetalert2@8-hshs86l9o.js
64ba78fc4a60759a910d1ad59a66aa1bae0e2e08,FINTEC: Alquiler de laptops y leasing operativo,leasing_laptops,fintec.com.pe,https://www.fintec.com.pe/,OK,200,CON_CORREO_OFICIAL,ventas@fintec.com.pe,ventas@fintec.com.pe,,,,,,ventas@fintec.com.pe,,ventas@fintec.com.pe,1,1,0,017598759;7598759,https://www.fintec.com.pe/,182,1,1,serper,leasing de laptops Perú,DISCOVERED,2026-09-30T18:42:35,2026-09-30T18:59:16,CON_CONTACTO,2026-09-30T19:05:29,https://www.fintec.com.pe/,,ventas@fintec.com.pe,,
763c91ff0d2c86374243582431afacd264e74485,¿Cuánto cuesta alquilar una laptop en el Perú?,leasing_laptops,elcomercio.pe,https://elcomercio.pe/respuestas/cuanto-cuesta-alquilar-una-laptop-en-el-peru-de-octava-o-novena-generacion-revtli-noticia/,OK,200,CON_CORREO_OFICIAL,contacto@elcomercio.pe,,contacto@elcomercio.pe,,,,,contacto@elcomercio.pe,buenas.practicas@comercio.com.pe;enrique.falen@comercio.com.pe;fabrizio.monge@comercio.com.pe;fiorella.gil@comercio.com.pe;gino.alva@comercio.com.pe;melissa.rodriguez@comercio.com.pe;paola.villar@comercio.com.pe;ronie.bautista@comercio.com.pe;santos.yupanqui@comercio.com.pe;guillermo.vera@comercio.com.pe;christian.silva@comercio.com.pe;maritza.saenz@comercio.com.pe;josepsia28@gmail.com,contacto@elcomercio.pe;buenas.practicas@comercio.com.pe;enrique.falen@comercio.com.pe;fabrizio.monge@comercio.com.pe;fiorella.gil@comercio.com.pe;gino.alva@comercio.com.pe;melissa.rodriguez@comercio.com.pe;paola.villar@comercio.com.pe;ronie.bautista@comercio.com.pe;santos.yupanqui@comercio.com.pe;guillermo.vera@comercio.com.pe;christian.silva@comercio.com.pe;maritza.saenz@comercio.com.pe;josepsia28@gmail.com,14,1,13,,https://elcomercio.pe/respuestas/cuanto-cuesta-alquilar-una-laptop-en-el-peru-de-octava-o-novena-generacion-revtli-noticia/,151,1,1,serper,renting de laptops Perú,DISCOVERED,2026-09-30T18:59:16,2026-09-30T18:59:16,CON_CONTACTO,2026-09-30T19:05:29,https://elcomercio.pe/respuestas/cuanto-cuesta-alquilar-una-laptop-en-el-peru-de-octava-o-novena-generacion-revtli-noticia/,,contacto@elcomercio.pe,josepsia28@gmail.com,buenas.practicas@comercio.com.pe;enrique.falen@comercio.com.pe;fabrizio.monge@comercio.com.pe;fiorella.gil@comercio.com.pe;gino.alva@comercio.com.pe;melissa.rodriguez@comercio.com.pe;paola.villar@comercio.com.pe;ronie.bautista@comercio.com.pe;santos.yupanqui@comercio.com.pe;guillermo.vera@comercio.com.pe;christian.silva@comercio.com.pe;maritza.saenz@comercio.com.pe
7c12447b01403a38669e9faea37b0930b022b9c9,Hard Rental: Alquiler de Laptops Corporativo en Lima,leasing_laptops,hardrental.com,https://hardrental.com/,OK,200,CON_CORREO_OFICIAL,alquiler@hardrental.com,,,alquiler@hardrental.com,,,,alquiler@hardrental.com,,alquiler@hardrental.com,1,1,0,934772852,https://hardrental.com/,198,7,7,serper,alquiler de computadoras empresas Perú;alquiler de equipos de cómputo Perú;alquiler de laptops empresas Perú;alquiler de notebooks empresas Lima;alquiler laptop corporativo Perú;leasing de laptops Perú;renting de laptops Perú,DISCOVERED,2026-09-30T18:42:35,2026-09-30T18:59:16,CON_CONTACTO,2026-09-30T19:05:29,https://hardrental.com/,,alquiler@hardrental.com,,
7db98d1db0562a25f7adb469b798938c5515699a,Renting tecnológico para empresas,leasing_laptops,itdatum.com,https://itdatum.com/servicios-tecnologicos-para-empresas/renting-tecnologico/,OK,200,CON_CORREO_OFICIAL,ventas@itdatum.com,ventas@itdatum.com,,,,,,ventas@itdatum.com,,ventas@itdatum.com,1,1,0,4800644,https://itdatum.com/servicios-tecnologicos-para-empresas/renting-tecnologico/,174,1,1,serper,renting tecnológico Perú,DISCOVERED,2026-09-30T18:59:16,2026-09-30T18:59:16,CON_CONTACTO,2026-09-30T19:05:29,https://itdatum.com/servicios-tecnologicos-para-empresas/renting-tecnologico/,,ventas@itdatum.com,,
89740844ddb14ab95034e6d3a1ad108d49620975,Renting,leasing_laptops,provisionestecnologicas.pe,https://www.provisionestecnologicas.pe/renting-renovacion-tecnologica,OK,200,SIN_EMAIL,,,,,,,,,,,0,0,0,,https://www.provisionestecnologicas.pe/renting-renovacion-tecnologica,179,1,1,serper,renting tecnológico Perú,DISCOVERED,2026-09-30T18:59:16,2026-09-30T18:59:16,WEB_SIN_CONTACTO,2026-09-30T19:05:29,https://www.provisionestecnologicas.pe/renting-renovacion-tecnologica,,,,
b54162069ce828544b8e711abb789d7bd82811b1,Leasein: Alquiler de laptops para empresas y proyectos en Perú,leasing_laptops,leasein.pe,https://leasein.pe/,OK,200,CON_CORREO_OFICIAL,comercial@leasein.pe,,,comercial@leasein.pe,,,,comercial@leasein.pe,conversemos@leasein.pe;fabiola.silvera@leasein.pe;josselyn.cochachin@leasein.pe;ejemplo@correocorporativo.com,comercial@leasein.pe;conversemos@leasein.pe;fabiola.silvera@leasein.pe;josselyn.cochachin@leasein.pe;ejemplo@correocorporativo.com,5,1,4,0232020;0132020,https://leasein.pe/,179,10,9,serper,alquiler de computadoras empresas Perú;alquiler de equipos de cómputo Perú;alquiler de laptops empresas Perú;alquiler de notebooks empresas Lima;alquiler laptop corporativo Perú;leasing de laptops Perú;leasing tecnológico Perú;renting de laptops Perú;renting tecnológico Perú,DISCOVERED,2026-09-30T18:42:35,2026-09-30T18:59:16,CON_CONTACTO,2026-09-30T19:05:29,https://leasein.pe/;https://leasein.pe/blog/ventajas-renting-informatico/;https://leasein.pe/blog/que-es-leasing-operativo-laptops-peru/;https://leasein.pe/blog/leasing-financiero-beneficios-empresas/,,comercial@leasein.pe;conversemos@leasein.pe;fabiola.silvera@leasein.pe;josselyn.cochachin@leasein.pe,,ejemplo@correocorporativo.com
c4d11b41eaea18a0384e215cab39b5463950d256,Precios de ALQUILER de COMPUTADORAS,leasing_laptops,empetec.pe,https://empetec.pe/precios/alquiler/computadoras,OK,200,CON_CORREO_EXTERNO_PUBLICADO,ventas@empetec.com,ventas@empetec.com,,,,,,ventas@empetec.com,jose@tuempresa.com,ventas@empetec.com;jose@tuempresa.com,2,1,1,2315729;959790548,https://empetec.pe/precios/alquiler/computadoras,179,1,1,serper,alquiler de equipos de cómputo Perú,DISCOVERED,2026-09-30T18:59:16,2026-09-30T18:59:16,CON_CONTACTO,2026-09-30T19:05:29,https://empetec.pe/precios/alquiler/computadoras,,,,ventas@empetec.com;jose@tuempresa.com
d0a63bc0aede25d12e9b610120ec9fa4dc327000,Alquiler de Laptops en Perú,leasing_laptops,dnpcorp.pe,https://tienda.dnpcorp.pe/alquiler-de-laptops-48,OK,200,CON_CORREO_EXTERNO_PUBLICADO,alquiler@dnp.com.pe,,,alquiler@dnp.com.pe,,,,alquiler@dnp.com.pe,proyectos@datanetworkperu.com,alquiler@dnp.com.pe;proyectos@datanetworkperu.com,2,1,1,,https://tienda.dnpcorp.pe/alquiler-de-laptops-48,159,1,1,serper,renting de laptops Perú,DISCOVERED,2026-09-30T18:59:16,2026-09-30T18:59:16,CON_CONTACTO,2026-09-30T19:05:29,https://tienda.dnpcorp.pe/alquiler-de-laptops-48,,,,alquiler@dnp.com.pe;proyectos@datanetworkperu.com
d1f6640035aec67523e309483c73e0aaa9ee6caf,loops,leasing_laptops,stackoverflow.com,https://stackoverflow.com/questions/11303374/c-sharp-multiplication-table,ERROR,403,SIN_EMAIL,,,,,,,,,,,0,0,0,,https://stackoverflow.com/questions/11303374/c-sharp-multiplication-table,140,10,1,serper,arrendamiento de laptops Perú,DISCOVERED,2026-09-30T18:59:16,2026-09-30T18:59:16,PENDIENTE,2026-09-30T19:05:29,https://stackoverflow.com/questions/11303374/c-sharp-multiplication-table;https://stackoverflow.com/questions/5381032/shell-script-for-multiplication-table;https://stackoverflow.com/questions/33237043/error-in-r-nonconformable-arguments-not-true;https://stackoverflow.com/questions/41465569/multiplication-table-in-javascript;https://stackoverflow.com/questions/50900055/printing-a-multiplication-table-with-nested-loops;https://stackoverflow.com/questions/20415384/properly-formatted-multiplication-table;https://stackoverflow.com/questions/51187314/how-do-i-use-while-loops-to-create-a-multiplication-table;https://stackoverflow.com/questions/59904530/function-prints-out-a-multiplication-table;https://stackoverflow.com/questions/37717127/how-to-print-multiplication-table-using-nested-for-loops;https://stackoverflow.com/questions/23714600/multiplication-table-using-recursion-without-loops,,,,
d81921db9b849eb44e15bfd4c38663966b477269,Somos el líder especialista en alquiler de laptops del Perú ...,leasing_laptops,leasing.pe,https://www.leasing.pe/,OK,200,CON_CORREO_EXTERNO_PUBLICADO,ventas@dnp.com.pe,ventas@dnp.com.pe,,,,,,ventas@dnp.com.pe,,ventas@dnp.com.pe,1,1,0,4701407,https://www.leasing.pe/,205,3,3,serper,leasing de laptops Perú;leasing tecnológico Perú;renting tecnológico Perú,DISCOVERED,2026-09-30T18:42:35,2026-09-30T18:59:16,CON_CONTACTO,2026-09-30T19:05:29,https://www.leasing.pe/,,,,ventas@dnp.com.pe
df62e788071e7119645b0b0f2f2acb1b030c7119,Leasein: La fintech peruana que transforma el leasing con ...,leasing_laptops,startupslatam.com,https://startupslatam.com/leasein-la-fintech-peruana-que-transforma-el-leasing-con-tecnologia-y-sostenibilidad/,OK,200,SIN_EMAIL,,,,,,,,,,,0,0,0,,https://startupslatam.com/leasein-la-fintech-peruana-que-transforma-el-leasing-con-tecnologia-y-sostenibilidad/,154,1,1,serper,leasing tecnológico Perú,DISCOVERED,2026-09-30T18:59:16,2026-09-30T18:59:16,WEB_SIN_CONTACTO,2026-09-30T19:05:29,https://startupslatam.com/leasein-la-fintech-peruana-que-transforma-el-leasing-con-tecnologia-y-sostenibilidad/,,,,
e0e798fe798bb3c604140ffb2e89ac5a0258d5e3,Alquiler de Computadores para Empresas,leasing_laptops,hp.com,https://www.hp.com/pe-es/shop/alquiler-tecnologia-hp,OK,200,SIN_EMAIL,,,,,,,,,,,0,0,0,017016908;080080472;7016908;7071481,https://www.hp.com/pe-es/shop/alquiler-tecnologia-hp,174,6,6,serper,alquiler de computadoras empresas Perú;alquiler de equipos de cómputo Perú;alquiler de laptops empresas Perú;alquiler de notebooks empresas Lima;alquiler laptop corporativo Perú;renting de laptops Perú,DISCOVERED,2026-09-30T18:42:35,2026-09-30T18:59:16,WEB_SIN_CONTACTO,2026-09-30T19:05:29,https://www.hp.com/pe-es/shop/alquiler-tecnologia-hp,,,,
e6b9a7619be457825cecb9732a936b11efb79a8e,alquiler de laptops a medida,leasing_laptops,systembaseperu.com,https://systembaseperu.com/blog/alquiler-de-laptops-a-medida/,OK,200,CON_CORREO_OFICIAL,info@systembaseperu.com,,info@systembaseperu.com;informes@itcloud.pe,,,,,info@systembaseperu.com;informes@itcloud.pe,tucorreo@dominiocorportivo.com;acornejo@itcloud.pe;apuga@itcloud.pe;cmedina@itcloud.pe;dchacayan@itcloud.pe;jlopez@itcloud.pe;mreyes@itcloud.pe;narce@itcloud.pe;pesquivel@itcloud.pe,info@systembaseperu.com;informes@itcloud.pe;tucorreo@dominiocorportivo.com;acornejo@itcloud.pe;apuga@itcloud.pe;cmedina@itcloud.pe;dchacayan@itcloud.pe;jlopez@itcloud.pe;mreyes@itcloud.pe;narce@itcloud.pe;pesquivel@itcloud.pe,11,2,9,017197400;7197400,https://systembaseperu.com/blog/alquiler-de-laptops-a-medida/,178,7,7,serper,alquiler de computadoras empresas Perú;alquiler de equipos de cómputo Perú;alquiler de laptops empresas Perú;alquiler de notebooks empresas Lima;alquiler laptop corporativo Perú;leasing de laptops Perú;renting de laptops Perú,DISCOVERED,2026-09-30T18:42:35,2026-09-30T18:59:16,CON_CONTACTO,2026-09-30T19:05:29,https://systembaseperu.com/blog/alquiler-de-laptops-a-medida/;https://systembaseperu.com/leasing-de-laptops/,,info@systembaseperu.com,,informes@itcloud.pe;tucorreo@dominiocorportivo.com;acornejo@itcloud.pe;apuga@itcloud.pe;cmedina@itcloud.pe;dchacayan@itcloud.pe;jlopez@itcloud.pe;mreyes@itcloud.pe;narce@itcloud.pe;pesquivel@itcloud.pe
fa1b9839fc245ba195a1e60b742bdb10b40be079,Leasing Operativo de Tecnología para Empresas en Perú,leasing_laptops,thuntech.pe,https://thuntech.pe/leasing-operativo/,OK,200,CON_CORREO_EXTERNO_PUBLICADO,comercial@thuntech.net,,,comercial@thuntech.net,,,,comercial@thuntech.net,,comercial@thuntech.net,1,1,0,,https://thuntech.pe/leasing-operativo/,189,10,9,serper,alquiler de computadoras empresas Perú;alquiler de equipos de cómputo Perú;alquiler de laptops empresas Perú;alquiler de notebooks empresas Lima;alquiler laptop corporativo Perú;leasing de laptops Perú;leasing tecnológico Perú;renting de laptops Perú;renting tecnológico Perú,DISCOVERED,2026-09-30T18:42:35,2026-09-30T18:59:16,CON_CONTACTO,2026-09-30T19:05:29,https://thuntech.pe/leasing-operativo/;https://thuntech.pe/renting-tecnologico-peru/;https://thuntech.pe/alquiler-de-laptops-en-lima/,,,,comercial@thuntech.net
