COMPANY_KEY,ROOT_DOMAIN,COMPANY_NAME,URL,TITLE,SNIPPET,NICHE_ID,QUERY,PROVIDER,POSITION,CANDIDATE_SCORE,IS_EXCLUDED,EXCLUDE_REASON
1b2199da3a112cbbc72f16c6d05cd472b4f276d3,perulaptops.pe,PeruLaptops: Alquiler de laptops para empresas y proyectos ...,https://perulaptops.pe/,PeruLaptops: Alquiler de laptops para empresas y proyectos ...,"Alquiler de laptops para empresas y proyectos, Contamos con laptops de alto rendimiento I5, I7 Laptops HP, Lenovo, dell servicio de entrega y soporte ...",leasing_laptops,alquiler de laptops empresas Perú,serper,1,189,NO,
7c12447b01403a38669e9faea37b0930b022b9c9,hardrental.com,Hard Rental: Alquiler de Laptops Corporativo en Lima,https://hardrental.com/,Hard Rental: Alquiler de Laptops Corporativo en Lima,Alquiler de laptops y equipo de cómputo empresarial. Evita grandes inversiones en comprar equipos y mejora tu capacidad operativa.,leasing_laptops,alquiler de laptops empresas Perú,serper,2,198,NO,
b54162069ce828544b8e711abb789d7bd82811b1,leasein.pe,Leasein: Alquiler de laptops para empresas y proyectos en Perú,https://leasein.pe/,Leasein: Alquiler de laptops para empresas y proyectos en Perú,"Alquiler de laptops para empresas y proyectos. Elige entre HP, Lenovo, Dell y Apple. Con soporte técnico y servicio de entrega en tus oficinas.",leasing_laptops,alquiler de laptops empresas Perú,serper,3,179,NO,
e0e798fe798bb3c604140ffb2e89ac5a0258d5e3,hp.com,Alquiler de Computadores para Empresas,https://www.hp.com/pe-es/shop/alquiler-tecnologia-hp,Alquiler de Computadores para Empresas,"El arrendamiento tecnológico de HP permite a las empresas acceder a equipos nuevos y de alto rendimiento mediante el pago de una cuota mensual, sin necesidad de ...",leasing_laptops,alquiler de laptops empresas Perú,serper,4,172,NO,
fa1b9839fc245ba195a1e60b742bdb10b40be079,thuntech.pe,"Alquiler de laptops en Lima: precios, opciones y cómo ...",https://thuntech.pe/alquiler-de-laptops-en-lima/,"Alquiler de laptops en Lima: precios, opciones y cómo ...","En el caso de Thuntech, el servicio está orientado a empresas y contempla entrega inmediata en Lima Metropolitana, soporte técnico y equipos ...",leasing_laptops,alquiler de laptops empresas Perú,serper,5,177,NO,
e6b9a7619be457825cecb9732a936b11efb79a8e,systembaseperu.com,alquiler de laptops a medida,https://systembaseperu.com/blog/alquiler-de-laptops-a-medida/,alquiler de laptops a medida,Brindamos plazos de alquiler desde 1 día hasta 12 meses para empresas que necesitan equipos por proyectos temporales como: Aumento de personal; Eventos / Ferías ...,leasing_laptops,alquiler de laptops empresas Perú,serper,6,162,NO,
34f7f8a53724856d0a6c53f544f9712bad60755c,globalrentingperu.com,Alquiler de laptops: GlobalSolutions,https://www.globalrentingperu.com/,Alquiler de laptops: GlobalSolutions,"En GlobalSolutions nos dedicamos al alquiler de laptops y otros equipos tecnológicos. También brindamos otros servicios como la venta de laptops, monitores, ...",leasing_laptops,alquiler de laptops empresas Perú,serper,7,170,NO,
06252e37318dc5e20c03ed8c995d6ee4963a721e,instagram.com,"Perú Laptops, alquiler de laptops (@perulaptops) · Lima",https://www.instagram.com/perulaptops/,"Perú Laptops, alquiler de laptops (@perulaptops) · Lima","Somos líderes en alquiler de Laptops, PCs, Impresoras y Proyectores en Lima, Perú. #LeasingOperativo #SoporteTécnico.",leasing_laptops,alquiler de laptops empresas Perú,serper,8,162,SI,dominio_bloqueado
0e565e4cc4d96130c1fa6f5c6758c87567b03b23,compumarket.pe,Servicio de Alquiler de Computadoras,https://compumarket.pe/producto/12911-servicio-de-alquiler-de-computadoras-mensual-hp-dell-lenovo-ensambladas.-entrega-inmediata.-servicios-incluidos.?srsltid=AU7gw4VrxFh8lPp4DovhbgJLldVWIeHIOGY5pFauEpCvW2TXxNBTyIof,Servicio de Alquiler de Computadoras - Mensual - Hp - Dell,"Alquiler de Computadoras o Laptops con mucha rapidez para empresas y proyectos. Podemos alquilar por dias, semanas o meses. Contamos con equipos de ultima ...",leasing_laptops,alquiler de laptops empresas Perú,serper,9,183,NO,
544000454f3ee5f4a750578dc4263c9e3674e53c,alquilalaptops.com,Alquiler de Laptops Corporativas en Perú,https://alquilalaptops.com/,Alquiler de Laptops Corporativas en Perú,"Alquila laptops para tu empresa y proyectos en Perú desde 1 día. El alquiler incluye soporte técnico y envío a oficinas. ... *Las laptops incluyen: mochila, mouse ...",leasing_laptops,alquiler de laptops empresas Perú,serper,10,154,NO,
d81921db9b849eb44e15bfd4c38663966b477269,leasing.pe,Somos el líder especialista en alquiler de laptops del Perú ...,https://www.leasing.pe/,Somos el líder especialista en alquiler de laptops del Perú ...,"El leasing operativo permite mantener a su empresa activa tecnológicamente, mejorando sus operaciones. Nuestro servicio incluye soporte y cambio de equipos, en ...",leasing_laptops,leasing de laptops Perú,serper,1,205,NO,
b54162069ce828544b8e711abb789d7bd82811b1,leasein.pe,Leasein: Alquiler de laptops para empresas y proyectos en Perú,https://leasein.pe/,Leasein: Alquiler de laptops para empresas y proyectos en Perú,"Alquiler de laptops para empresas y proyectos. Elige entre HP, Lenovo, Dell y Apple. Con soporte técnico y servicio de entrega en tus oficinas.",leasing_laptops,leasing de laptops Perú,serper,2,179,NO,
1b2199da3a112cbbc72f16c6d05cd472b4f276d3,perulaptops.pe,PeruLaptops: Alquiler de laptops para empresas y proyectos ...,https://perulaptops.pe/,PeruLaptops: Alquiler de laptops para empresas y proyectos ...,"Nuestro servicio de alquiler de laptops y computadoras de gama alta es ideal para proyectos que impliquen modelado 3D, renderización y arquitectura. Perú ...",leasing_laptops,leasing de laptops Perú,serper,3,195,NO,
3d4ac363b8a0aebd9379daae76664ce1325186e1,globals.pe,LEASING OPERATIVO,https://globals.pe/leasing-operativo/,LEASING OPERATIVO,"Nuestro leasing operativo incluye computadoras, portátiles, servidores, redes, proyectores, impresoras y periféricos en todo el Perú. Nos adecuamos a los ...",leasing_laptops,leasing de laptops Perú,serper,4,169,NO,
64ba78fc4a60759a910d1ad59a66aa1bae0e2e08,fintec.com.pe,FINTEC: Alquiler de laptops y leasing operativo,https://www.fintec.com.pe/,FINTEC: Alquiler de laptops y leasing operativo,Alquiler de Laptops y Leasing Operativo: Soluciones Flexibles para tu Negocio. Ofrecemos ventajas tecnológicas para todas las empresas.,leasing_laptops,leasing de laptops Perú,serper,5,182,NO,
fa1b9839fc245ba195a1e60b742bdb10b40be079,thuntech.pe,Leasing Operativo de Tecnología para Empresas en Perú,https://thuntech.pe/leasing-operativo/,Leasing Operativo de Tecnología para Empresas en Perú,"Es una modalidad de arrendamiento en la que una empresa adquiere el uso de equipos tecnológicos tales como laptops, computadoras, servidores entre otros, ...",leasing_laptops,leasing de laptops Perú,serper,6,183,NO,
e6b9a7619be457825cecb9732a936b11efb79a8e,systembaseperu.com,Leasing de Laptops,https://systembaseperu.com/leasing-de-laptops/,Leasing de Laptops,"¿Qué restricciones hay para poder acceder a un contrato de arrendamiento? El monto mínimo del contrato es de US$10,000 + IGV, considerando la suma de todos los ...",leasing_laptops,leasing de laptops Perú,serper,7,162,NO,
7c12447b01403a38669e9faea37b0930b022b9c9,hardrental.com,Hard Rental: Alquiler de Laptops Corporativo en Lima,https://hardrental.com/,Hard Rental: Alquiler de Laptops Corporativo en Lima,"Servicio profesional de alquiler de laptops, PC, tablets, impresoras y proyectores para empresas. Incluye soporte técnico, mantenimiento y equipos de backup.",leasing_laptops,leasing de laptops Perú,serper,8,170,NO,
06252e37318dc5e20c03ed8c995d6ee4963a721e,instagram.com,"Perú Laptops, alquiler de laptops (@perulaptops) · Lima",https://www.instagram.com/perulaptops/,"Perú Laptops, alquiler de laptops (@perulaptops) · Lima","Somos líderes en alquiler de Laptops, PCs, Impresoras y Proyectores en Lima, Perú. #LeasingOperativo #SoporteTécnico · Alquila computadoras especializadas para ...",leasing_laptops,leasing de laptops Perú,serper,9,178,SI,dominio_bloqueado
b54162069ce828544b8e711abb789d7bd82811b1,leasein.pe,¿Qué es el leasing operativo de laptops?,https://leasein.pe/blog/que-es-leasing-operativo-laptops-peru/,¿Qué es el leasing operativo de laptops?,"Muchas empresas están migrando su parque informático hacia el leasing operativo con contratos de 24, 36 o 48 meses. Esta decisión responde a la ...",leasing_laptops,leasing de laptops Perú,serper,10,159,NO,
1b2199da3a112cbbc72f16c6d05cd472b4f276d3,perulaptops.pe,PeruLaptops: Alquiler de laptops para empresas y proyectos ...,https://perulaptops.pe/,PeruLaptops: Alquiler de laptops para empresas y proyectos ...,"Alquiler de laptops para empresas y proyectos, Contamos con laptops de alto rendimiento I5, I7 Laptops HP, Lenovo, dell servicio de entrega y soporte ...",leasing_laptops,renting de laptops Perú,serper,1,189,NO,
b54162069ce828544b8e711abb789d7bd82811b1,leasein.pe,Leasein: Alquiler de laptops para empresas y proyectos en Perú,https://leasein.pe/,Leasein: Alquiler de laptops para empresas y proyectos en Perú,"Alquiler de laptops para empresas y proyectos. Elige entre HP, Lenovo, Dell y Apple. Con soporte técnico y servicio de entrega en tus oficinas.",leasing_laptops,renting de laptops Perú,serper,2,179,NO,
7c12447b01403a38669e9faea37b0930b022b9c9,hardrental.com,Hard Rental: Alquiler de Laptops Corporativo en Lima,https://hardrental.com/,Hard Rental: Alquiler de Laptops Corporativo en Lima,"Servicio profesional de alquiler de laptops, PC, tablets, impresoras y proyectores para empresas. Incluye soporte técnico, mantenimiento y equipos de backup.",leasing_laptops,renting de laptops Perú,serper,3,190,NO,
34f7f8a53724856d0a6c53f544f9712bad60755c,globalrentingperu.com,Alquiler de laptops: GlobalSolutions,https://www.globalrentingperu.com/,Alquiler de laptops: GlobalSolutions,"En GlobalSolutions nos dedicamos al alquiler de laptops y otros equipos tecnológicos. También brindamos otros servicios como la venta de laptops, monitores, ...",leasing_laptops,renting de laptops Perú,serper,4,180,NO,
fa1b9839fc245ba195a1e60b742bdb10b40be079,thuntech.pe,"Alquiler de laptops en Lima: precios, opciones y cómo ...",https://thuntech.pe/alquiler-de-laptops-en-lima/,"Alquiler de laptops en Lima: precios, opciones y cómo ...",Laptops básicas para oficina: desde S/100 al mes. · Laptops intermedias Core i5 / 8GB RAM: entre S/120 y S/200 al mes. · Laptops avanzadas Core i7 ...,leasing_laptops,renting de laptops Perú,serper,5,169,NO,
e0e798fe798bb3c604140ffb2e89ac5a0258d5e3,hp.com,Alquiler de Computadores para Empresas,https://www.hp.com/pe-es/shop/alquiler-tecnologia-hp,Alquiler de Computadores para Empresas,"El arrendamiento tecnológico de HP permite a las empresas acceder a equipos nuevos y de alto rendimiento mediante el pago de una cuota mensual, sin necesidad de ...",leasing_laptops,renting de laptops Perú,serper,6,162,NO,
06252e37318dc5e20c03ed8c995d6ee4963a721e,instagram.com,"Perú Laptops, alquiler de laptops (@perulaptops) · Lima",https://www.instagram.com/perulaptops/,"Perú Laptops, alquiler de laptops (@perulaptops) · Lima","Somos líderes en alquiler de Laptops, PCs, Impresoras y Proyectores en Lima, Perú. #LeasingOperativo #SoporteTécnico · Alquila computadoras especializadas para ...",leasing_laptops,renting de laptops Perú,serper,7,178,SI,dominio_bloqueado
e6b9a7619be457825cecb9732a936b11efb79a8e,systembaseperu.com,alquiler de laptops a medida,https://systembaseperu.com/blog/alquiler-de-laptops-a-medida/,alquiler de laptops a medida,Alquila laptops por proyectos cortos. Brindamos plazos de alquiler desde 1 día hasta 12 meses para empresas que necesitan equipos por proyectos temporales como:.,leasing_laptops,renting de laptops Perú,serper,8,162,NO,
d0a63bc0aede25d12e9b610120ec9fa4dc327000,dnpcorp.pe,Alquiler de Laptops en Perú,https://tienda.dnpcorp.pe/alquiler-de-laptops-48,Alquiler de Laptops en Perú - DNP CORP,Alquila laptops mensuales en Perú para tu empresa. Flexibilidad y rendimiento garantizados. ¡Contáctanos y potencia tu productividad!,leasing_laptops,renting de laptops Perú,serper,9,159,NO,
763c91ff0d2c86374243582431afacd264e74485,elcomercio.pe,¿Cuánto cuesta alquilar una laptop en el Perú?,https://elcomercio.pe/respuestas/cuanto-cuesta-alquilar-una-laptop-en-el-peru-de-octava-o-novena-generacion-revtli-noticia/,¿Cuánto cuesta alquilar una laptop en el Perú?,El precio promedio mensual para laptops de octava y novena generación es de 60 dólares más IGV por equipo. La laptop más barata puede costar ...,leasing_laptops,renting de laptops Perú,serper,10,151,NO,
d1f6640035aec67523e309483c73e0aaa9ee6caf,stackoverflow.com,loops,https://stackoverflow.com/questions/11303374/c-sharp-multiplication-table,loops - C# Multiplication Table - Stack Overflow,"So I'm attempting to print a multiplication table in C# however I can't quite figure out how to get what I need. So far my program outputs the following: 1 2 3 2 4 6 3 6 9 However, I need it to ...",leasing_laptops,arrendamiento de laptops Perú,serper,1,140,NO,
d1f6640035aec67523e309483c73e0aaa9ee6caf,stackoverflow.com,shell script for multiplication table,https://stackoverflow.com/questions/5381032/shell-script-for-multiplication-table,shell script for multiplication table - Stack Overflow,"shell script for multiplication table Ask Question Asked 15 years, 6 months ago Modified 5 years, 3 months ago",leasing_laptops,arrendamiento de laptops Perú,serper,2,130,NO,
d1f6640035aec67523e309483c73e0aaa9ee6caf,stackoverflow.com,Error in R: nonconformable arguments. Not true?,https://stackoverflow.com/questions/33237043/error-in-r-nonconformable-arguments-not-true,Error in R: nonconformable arguments. Not true? - Stack Overflow,"I stumbled upon a similar problem today (""non-conformable arguments"" error, even though everything seemed OK), and solution in my case was in basic rules for matrix-multiplication: i.e. number of columns of the left matrix must be the same as the number of rows of the right matrix = I had to switch order in multiplication equation.",leasing_laptops,arrendamiento de laptops Perú,serper,3,130,NO,
d1f6640035aec67523e309483c73e0aaa9ee6caf,stackoverflow.com,loops,https://stackoverflow.com/questions/41465569/multiplication-table-in-javascript,loops - Multiplication Table in JavaScript - Stack Overflow,"Multiplication Table in JavaScript Ask Question Asked 9 years, 8 months ago Modified 3 years, 10 months ago",leasing_laptops,arrendamiento de laptops Perú,serper,4,120,NO,
d1f6640035aec67523e309483c73e0aaa9ee6caf,stackoverflow.com,Printing a multiplication table with nested loops?,https://stackoverflow.com/questions/50900055/printing-a-multiplication-table-with-nested-loops,Printing a multiplication table with nested loops?,I'm having a really hard time trying to figure out this exercise. Print the 2-dimensional list mult_table by row and column. Hint: Use nested loops. Sample output for the given program: 1 | 2 | 3...,leasing_laptops,arrendamiento de laptops Perú,serper,5,120,NO,
d1f6640035aec67523e309483c73e0aaa9ee6caf,stackoverflow.com,Properly formatted multiplication table,https://stackoverflow.com/questions/20415384/properly-formatted-multiplication-table,Properly formatted multiplication table - Stack Overflow,"How would I make a multiplication table that's organized into a neat table? My current code is: n=int(input('Please enter a positive integer between 1 and 15: ')) for row in range(1,n+1): for ...",leasing_laptops,arrendamiento de laptops Perú,serper,6,110,NO,
d1f6640035aec67523e309483c73e0aaa9ee6caf,stackoverflow.com,How do I use while loops to create a multiplication table?,https://stackoverflow.com/questions/51187314/how-do-i-use-while-loops-to-create-a-multiplication-table,How do I use while loops to create a multiplication table?,"How do I use while loops to create a multiplication table? Ask Question Asked 8 years, 2 months ago Modified 4 years, 8 months ago",leasing_laptops,arrendamiento de laptops Perú,serper,7,110,NO,
d1f6640035aec67523e309483c73e0aaa9ee6caf,stackoverflow.com,function prints out a multiplication table,https://stackoverflow.com/questions/59904530/function-prints-out-a-multiplication-table,function prints out a multiplication table - Stack Overflow,"Should print the multiplication table shown below Question This function prints out a multiplication table (where each number is the result of multiplying the first number of its row by the number at the top of its column). Fill in the blanks so that calling multiplication_table (1, 3) will print out:",leasing_laptops,arrendamiento de laptops Perú,serper,8,110,NO,
d1f6640035aec67523e309483c73e0aaa9ee6caf,stackoverflow.com,How to print multiplication table using nested for loops,https://stackoverflow.com/questions/37717127/how-to-print-multiplication-table-using-nested-for-loops,How to print multiplication table using nested for loops,"How to print multiplication table using nested for loops Ask Question Asked 10 years, 3 months ago Modified 6 years, 7 months ago",leasing_laptops,arrendamiento de laptops Perú,serper,9,110,NO,
d1f6640035aec67523e309483c73e0aaa9ee6caf,stackoverflow.com,Multiplication table using recursion without loops,https://stackoverflow.com/questions/23714600/multiplication-table-using-recursion-without-loops,Multiplication table using recursion without loops - Stack...,I've received an assignment to write a recursive function that receives two integersd from the user: x and y and prints out the multiplication table up to the number x*y. the prototyping of the fu...,leasing_laptops,arrendamiento de laptops Perú,serper,10,110,NO,
1b2199da3a112cbbc72f16c6d05cd472b4f276d3,perulaptops.pe,PeruLaptops: Alquiler de laptops para empresas y proyectos ...,https://perulaptops.pe/,PeruLaptops: Alquiler de laptops para empresas y proyectos ...,"Somos Perú Laptops, una empresa líder en alquiler de laptops, computadoras, impresoras y proyectores en Lima, Perú. Disponemos de los últimos modelos de equipos",leasing_laptops,alquiler de computadoras empresas Perú,serper,1,213,NO,
e0e798fe798bb3c604140ffb2e89ac5a0258d5e3,hp.com,Alquiler de Computadores para Empresas,https://www.hp.com/pe-es/shop/alquiler-tecnologia-hp,Alquiler de Computadores para Empresas,Renta equipos de computo HP® de última generación para tu empresa en la Tienda HP® Perú. 01 701 6908 0800 804 72 Chat Offline,leasing_laptops,alquiler de computadoras empresas Perú,serper,2,174,NO,
7c12447b01403a38669e9faea37b0930b022b9c9,hardrental.com,Hard Rental: Alquiler de Laptops Corporativo en Lima,https://hardrental.com/,Hard Rental: Alquiler de Laptops Corporativo en Lima,"Servicio profesional de alquiler de laptops, PC, tablets, impresoras y proyectores para empresas. Incluye soporte técnico, mantenimiento y equipos de backup.",leasing_laptops,alquiler de computadoras empresas Perú,serper,3,190,NO,
b54162069ce828544b8e711abb789d7bd82811b1,leasein.pe,Leasein: Alquiler de laptops para empresas y proyectos en Perú,https://leasein.pe/,Leasein: Alquiler de laptops para empresas y proyectos en Perú,"Alquiler de laptops para empresas y proyectos. Elige entre HP, Lenovo, Dell y Apple. Con soporte técnico y servicio de entrega en tus oficinas.",leasing_laptops,alquiler de computadoras empresas Perú,serper,4,169,NO,
fa1b9839fc245ba195a1e60b742bdb10b40be079,thuntech.pe,"Alquiler de laptops en Lima: precios, opciones y cómo ...",https://thuntech.pe/alquiler-de-laptops-en-lima/,"Alquiler de laptops en Lima: precios, opciones y cómo ...",Precios referenciales de alquiler de laptops · Laptops básicas para oficina: desde S/100 al mes. · Laptops intermedias Core i5 / 8GB RAM: entre S/ ...,leasing_laptops,alquiler de computadoras empresas Perú,serper,5,169,NO,
e6b9a7619be457825cecb9732a936b11efb79a8e,systembaseperu.com,alquiler de laptops a medida,https://systembaseperu.com/blog/alquiler-de-laptops-a-medida/,alquiler de laptops a medida,Brindamos plazos de alquiler desde 1 día hasta 12 meses para empresas que necesitan equipos por proyectos temporales como: Aumento de personal; Eventos / Ferías ...,leasing_laptops,alquiler de computadoras empresas Perú,serper,6,162,NO,
34f7f8a53724856d0a6c53f544f9712bad60755c,globalrentingperu.com,Alquiler de laptops: GlobalSolutions,https://www.globalrentingperu.com/,Alquiler de laptops: GlobalSolutions,"En GlobalSolutions nos dedicamos al alquiler de laptops y otros equipos tecnológicos. También brindamos otros servicios como la venta de laptops, monitores, ...",leasing_laptops,alquiler de computadoras empresas Perú,serper,7,170,NO,
06252e37318dc5e20c03ed8c995d6ee4963a721e,instagram.com,"Perú Laptops, alquiler de laptops (@perulaptops) · Lima",https://www.instagram.com/perulaptops/,"Perú Laptops, alquiler de laptops (@perulaptops) · Lima","Somos líderes en alquiler de Laptops, PCs, Impresoras y Proyectores en Lima, Perú. alquiler@dnp.com.pe 📲: 988556701 🌐 : https://perulaptops.pe/",leasing_laptops,alquiler de computadoras empresas Perú,serper,8,154,SI,dominio_bloqueado
0e565e4cc4d96130c1fa6f5c6758c87567b03b23,compumarket.pe,Servicio de Alquiler de Computadoras,https://compumarket.pe/producto/12911-servicio-de-alquiler-de-computadoras-mensual-hp-dell-lenovo-ensambladas.-entrega-inmediata.-servicios-incluidos.?srsltid=AU7gw4UswvaikPmi1-R1RXVBX_dp8q1-CfSx3y_c1Z9_1kBGyWtszhVb,Servicio de Alquiler de Computadoras - Mensual - Hp - Dell,"Alquiler de Computadoras o Laptops con mucha rapidez para empresas y proyectos. Podemos alquilar por dias, semanas o meses. Contamos con equipos de ultima ...",leasing_laptops,alquiler de computadoras empresas Perú,serper,9,183,NO,
0e565e4cc4d96130c1fa6f5c6758c87567b03b23,compumarket.pe,Servicio de Alquiler de Computadoras,https://compumarket.pe/producto/12911-servicio-de-alquiler-de-computadoras-mensual-hp-dell-lenovo-ensambladas.-entrega-inmediata.-servicios-incluidos.?srsltid=AU7gw4X4azcKsuuvlRZPUdTCgFMfxbe5_EsX8hxyeZZEAssLMjJKkfkD,Servicio de Alquiler de Computadoras - Mensual - Hp - Dell,"Alquiler de Computadoras o Laptops con mucha rapidez para empresas y proyectos. Podemos alquilar por dias, semanas o meses. Contamos con equipos de ultima ...",leasing_laptops,alquiler de equipos de cómputo Perú,serper,1,213,NO,
1b2199da3a112cbbc72f16c6d05cd472b4f276d3,perulaptops.pe,PeruLaptops: Alquiler de laptops para empresas y proyectos ...,https://perulaptops.pe/,PeruLaptops: Alquiler de laptops para empresas y proyectos ...,"Alquiler de laptops para empresas y proyectos, Contamos con laptops de alto rendimiento I5, I7 Laptops HP, Lenovo, dell servicio de entrega y soporte ...",leasing_laptops,alquiler de equipos de cómputo Perú,serper,2,179,NO,
c4d11b41eaea18a0384e215cab39b5463950d256,empetec.pe,Precios de ALQUILER de COMPUTADORAS,https://empetec.pe/precios/alquiler/computadoras,Precios de ALQUILER de COMPUTADORAS,Alquiler de PCs BÁSICAS. Te será ideal para · Básica 01 ; Alquiler de PCs de GAMA MEDIA. Te será ideal para · Gama Media 01 ; Alquiler de PCs de GAMA ALTA. Te será ...,leasing_laptops,alquiler de equipos de cómputo Perú,serper,3,179,NO,
b54162069ce828544b8e711abb789d7bd82811b1,leasein.pe,Leasein: Alquiler de laptops para empresas y proyectos en Perú,https://leasein.pe/,Leasein: Alquiler de laptops para empresas y proyectos en Perú,"Alquiler de laptops para empresas y proyectos. Elige entre HP, Lenovo, Dell y Apple. Con soporte técnico y servicio de entrega en tus oficinas.",leasing_laptops,alquiler de equipos de cómputo Perú,serper,4,169,NO,
e6b9a7619be457825cecb9732a936b11efb79a8e,systembaseperu.com,alquiler de laptops a medida,https://systembaseperu.com/blog/alquiler-de-laptops-a-medida/,alquiler de laptops a medida,Brindamos plazos de alquiler desde 1 día hasta 12 meses para empresas que necesitan equipos por proyectos temporales como: Aumento de personal; Eventos / Ferías ...,leasing_laptops,alquiler de equipos de cómputo Perú,serper,5,172,NO,
e0e798fe798bb3c604140ffb2e89ac5a0258d5e3,hp.com,Alquiler de Computadores para Empresas,https://www.hp.com/pe-es/shop/alquiler-tecnologia-hp,Alquiler de Computadores para Empresas,"El arrendamiento tecnológico de HP permite a las empresas acceder a equipos nuevos y de alto rendimiento mediante el pago de una cuota mensual, sin necesidad de ...",leasing_laptops,alquiler de equipos de cómputo Perú,serper,6,162,NO,
fa1b9839fc245ba195a1e60b742bdb10b40be079,thuntech.pe,"Alquiler de laptops en Lima: precios, opciones y cómo ...",https://thuntech.pe/alquiler-de-laptops-en-lima/,"Alquiler de laptops en Lima: precios, opciones y cómo ...","Equipos modernos y configurados. El alquiler permite acceder a laptops actualizadas, configuradas y listas para trabajar, evitando problemas de ...",leasing_laptops,alquiler de equipos de cómputo Perú,serper,7,167,NO,
34f7f8a53724856d0a6c53f544f9712bad60755c,globalrentingperu.com,Alquiler de laptops: GlobalSolutions,https://www.globalrentingperu.com/,Alquiler de laptops: GlobalSolutions,"En GlobalSolutions nos dedicamos al alquiler de laptops y otros equipos tecnológicos. También brindamos otros servicios como la venta de laptops, monitores, ...",leasing_laptops,alquiler de equipos de cómputo Perú,serper,8,170,NO,
06252e37318dc5e20c03ed8c995d6ee4963a721e,instagram.com,"Perú Laptops, alquiler de laptops (@perulaptops) · Lima",https://www.instagram.com/perulaptops/,"Perú Laptops, alquiler de laptops (@perulaptops) · Lima","Somos líderes en alquiler de Laptops, PCs, Impresoras y Proyectores en Lima, Perú. #LeasingOperativo #SoporteTécnico · Implementa tecnología según tus ...",leasing_laptops,alquiler de equipos de cómputo Perú,serper,9,170,SI,dominio_bloqueado
7c12447b01403a38669e9faea37b0930b022b9c9,hardrental.com,Hard Rental: Alquiler de Laptops Corporativo en Lima,https://hardrental.com/,Hard Rental: Alquiler de Laptops Corporativo en Lima,"Servicio profesional de alquiler de laptops, PC, tablets, impresoras y proyectores para empresas. Incluye soporte técnico, mantenimiento y equipos de backup.",leasing_laptops,alquiler de equipos de cómputo Perú,serper,10,170,NO,
fa1b9839fc245ba195a1e60b742bdb10b40be079,thuntech.pe,Leasing Operativo de Tecnología para Empresas en Perú,https://thuntech.pe/leasing-operativo/,Leasing Operativo de Tecnología para Empresas en Perú,"El leasing operativo tecnológico está diseñado para empresas que tienen más de 3 años en el mercado y que presentan estados financieros estables, se pueden ...",leasing_laptops,leasing tecnológico Perú,serper,1,189,NO,
d81921db9b849eb44e15bfd4c38663966b477269,leasing.pe,Somos el líder especialista en alquiler de laptops del Perú ...,https://www.leasing.pe/,Somos el líder especialista en alquiler de laptops del Perú ...,"Peru Laptops ofrece una amplia línea de activos tecnológicos bajo la modalidad de leasing operativo. Con nosotros, usted podrá adquirir: laptops, computadoras, ...",leasing_laptops,leasing tecnológico Perú,serper,2,203,NO,
b7c70898d90f5bb3a32353817e451b646b40299a,facebook.com,🧐 ¿Qué hay detrás de la evolución del leasing tecnológico ...,https://www.facebook.com/ynnovadoresperu/videos/-qu%C3%A9-hay-detr%C3%A1s-de-la-evoluci%C3%B3n-del-leasing-tecnol%C3%B3gico-en-per%C3%BA-este-mi%C3%A9rcoles-c/1372505664018844/,🧐 ¿Qué hay detrás de la evolución del leasing tecnológico ...,"Este miércoles, Carlo Mario Dioses, fundador de Leasein Alquiler de Laptops nos cuenta cómo esta rentaltech peruana impulsa el acceso a ...",leasing_laptops,leasing tecnológico Perú,serper,3,198,SI,dominio_bloqueado
5319e01a1baac68da72e174aea5f8e8e1ebf7bc9,telsis.com.pe,Leasing Tecnológico Corporativo,https://www.telsis.com.pe/leasing,Leasing Tecnológico Corporativo,"Leasing Tecnológico para impulsar el crecimiento de tu empresa. Renueva, amplía o moderniza tu infraestructura tecnológica sin afectar tu flujo de caja.",leasing_laptops,leasing tecnológico Perú,serper,4,166,NO,
1b2199da3a112cbbc72f16c6d05cd472b4f276d3,perulaptops.pe,Leasing Operativo 🥇 y Arrendamiento Operativo,https://perulaptops.pe/leasing-operativo.html,Leasing Operativo 🥇 y Arrendamiento Operativo,"Es un servicio por el cual se alquila o se arrienda bienes o activos corrientes, como equipos tecnológicos. El leasing operativo implica que exista una ...",leasing_laptops,leasing tecnológico Perú,serper,5,177,NO,
3a747d40d948e34f83bfe278016c97ee9166da33,latamtradecapital.com,Leasing Tecnológico,https://www.latamtradecapital.com/peru/leasing-tecnologico.html,Leasing Tecnológico - Características,"Permite a las empresas renovar, acceder y operar tecnología (hardware, software e intangibles) sin necesidad de utilizar capital propio, a través de un ...",leasing_laptops,leasing tecnológico Perú,serper,6,154,NO,
df62e788071e7119645b0b0f2f2acb1b030c7119,startupslatam.com,Leasein: La fintech peruana que transforma el leasing con ...,https://startupslatam.com/leasein-la-fintech-peruana-que-transforma-el-leasing-con-tecnologia-y-sostenibilidad/,Leasein: La fintech peruana que transforma el leasing con ...,"«Es un canal para el financiamiento de laptops a través de leasing operativo, leasing financiero y leaseback (recompra de laptops recién ...",leasing_laptops,leasing tecnológico Perú,serper,7,154,NO,
b7c70898d90f5bb3a32353817e451b646b40299a,facebook.com,"Según el Diario Gestión , el #leasing administra miles de ...",https://www.facebook.com/leaseinlaptops/videos/seg%C3%BAn-el-diario-gesti%C3%B3n-el-leasing-administra-miles-de-millones-en-per%C3%BA-pero-muc/869328759516921/,"Según el Diario Gestión , el #leasing administra miles de ...",El #renting es la herramienta definitiva para asegurar la renovación tecnológica constante sin sacrificar tu liquidez ni endeudarte de ...,leasing_laptops,leasing tecnológico Perú,serper,8,146,SI,dominio_bloqueado
b54162069ce828544b8e711abb789d7bd82811b1,leasein.pe,¿Qué es el leasing financiero y qué beneficios tiene?,https://leasein.pe/blog/leasing-financiero-beneficios-empresas/,¿Qué es el leasing financiero y qué beneficios tiene?,"En Perú, esto significa que las empresas pueden reducir su base imponible y, por lo tanto, pagar menos impuestos durante el año, siempre y ...",leasing_laptops,leasing tecnológico Perú,serper,9,143,NO,
261a037a06348da4f8c02fe62563e0f1cc78fceb,blogventurecapital.com,Leasein: La Fintech Peruana Revoluciona el Leasing con ...,https://www.blogventurecapital.com/Leasein-La-Fintech-Peruana-Revoluciona-el-Leasing-con-Tecnologia-y-Sostenibilidad_a574.html,Leasein: La Fintech Peruana Revoluciona el Leasing con ...,Leasein está utilizando tecnología avanzada para simplificar el proceso de leasing. Su plataforma digital permite a las empresas acceder fácilmente a opciones ...,leasing_laptops,leasing tecnológico Perú,serper,10,146,NO,
fa1b9839fc245ba195a1e60b742bdb10b40be079,thuntech.pe,Renting tecnológico en Perú: beneficios para empresas ...,https://thuntech.pe/renting-tecnologico-peru/,Renting tecnológico en Perú: beneficios para empresas ...,El renting tecnológico es un modelo mediante el cual una empresa utiliza equipos tecnológicos durante un periodo determinado a cambio de una ...,leasing_laptops,renting tecnológico Perú,serper,1,189,NO,
89740844ddb14ab95034e6d3a1ad108d49620975,provisionestecnologicas.pe,Renting,https://www.provisionestecnologicas.pe/renting-renovacion-tecnologica,Renting | Provisiones Tecnologicas | Perú,"Contamos con la mejores marcas para tus requerimientos de alquiler, equipamiento, renovación tecnológica de equipos y proyectos de TI en general.",leasing_laptops,renting tecnológico Perú,serper,2,179,NO,
7db98d1db0562a25f7adb469b798938c5515699a,itdatum.com,Renting tecnológico para empresas,https://itdatum.com/servicios-tecnologicos-para-empresas/renting-tecnologico/,Renting tecnológico para empresas,Beneficios del Renting Tecnológico con IT DATUM SAC: · 1. Reducción de Costos y Optimización Financiera · 2. Acceso a Equipos y Software de Última Generación · 3.,leasing_laptops,renting tecnológico Perú,serper,3,174,NO,
b54162069ce828544b8e711abb789d7bd82811b1,leasein.pe,"Renting informático: ¿qué es, ventajas y cuando conviene?",https://leasein.pe/blog/ventajas-renting-informatico/,"Renting informático: ¿qué es, ventajas y cuando conviene?","El renting informático permite acceder a equipos tecnológicos modernos sin comprar. Descubre sus ventajas, beneficios fiscales y cuándo ...",leasing_laptops,renting tecnológico Perú,serper,4,169,NO,
6072310c34cb36d2cc36d124c54cb036aca79f06,k-tuin.com,¿Qué es el renting tecnológico y cómo ayuda a las empresas,https://www.k-tuin.com/blog/que-es-renting-tecnologico,¿Qué es el renting tecnológico y cómo ayuda a las empresas,"El renting tecnológico es un modelo que permite a las empresas utilizar ordenadores, tablets, móviles y otros dispositivos mediante una cuota ...",leasing_laptops,renting tecnológico Perú,serper,5,156,NO,
4c3427773c82de1b335290dc4c6af20c1a033e4d,camaranavarra.com,Qué es el renting tecnológico y sus principales ventajas,https://ticnegocios.camaranavarra.com/servicios/tendencias/que-es-el-renting-tecnologico-y-sus-principales-ventajas/,Qué es el renting tecnológico y sus principales ventajas,"De allí que el renting tecnológico es la práctica que consiste en alquilar equipos tecnológicos, a través del pago de una cuota establecida por un plazo ...",leasing_laptops,renting tecnológico Perú,serper,6,154,NO,
1b274516ac601c1dacbf2501a87198adb0468b68,linkedin.com,¿Qué es el renting de tecnología?,https://es.linkedin.com/pulse/qu%C3%A9-es-el-renting-de-tecnolog%C3%ADa-compurent-sas,¿Qué es el renting de tecnología?,"El renting de tecnología es un servicio de alquiler de equipos informáticos a mediano o largo plazo, donde las empresas pueden acceder a ...",leasing_laptops,renting tecnológico Perú,serper,7,162,SI,dominio_bloqueado
d81921db9b849eb44e15bfd4c38663966b477269,leasing.pe,Somos el líder especialista en alquiler de laptops del Perú ...,https://www.leasing.pe/,Somos el líder especialista en alquiler de laptops del Perú ...,"Peru Laptops ofrece una amplia línea de activos tecnológicos bajo la modalidad de leasing operativo. Con nosotros, usted podrá adquirir: laptops, computadoras, ...",leasing_laptops,renting tecnológico Perú,serper,8,183,NO,
1399f19561165553d5acfb6f33549048c0381966,bancsabadell.com,¿Qué es el renting tecnológico y cómo puede ayudar a mi ...,https://www.bancsabadell.com/bsnacional/es/blog/que-es-el-renting-tecnologico-y-como-puede-ayudar-a-mi-empresa/,¿Qué es el renting tecnológico y cómo puede ayudar a mi ...,Es un tipo de arrendamiento que permite a todo tipo de empresas y a los autónomos disponer de equipos tecnológicos de última generación —como ...,leasing_laptops,renting tecnológico Perú,serper,9,162,NO,
fa1b9839fc245ba195a1e60b742bdb10b40be079,thuntech.pe,Leasing Operativo de Tecnología para Empresas en Perú,https://thuntech.pe/leasing-operativo/,Leasing Operativo de Tecnología para Empresas en Perú,"Es una modalidad de arrendamiento en la que una empresa adquiere el uso de equipos tecnológicos tales como laptops, computadoras, servidores entre otros, por un ...",leasing_laptops,renting tecnológico Perú,serper,10,183,NO,
1b2199da3a112cbbc72f16c6d05cd472b4f276d3,perulaptops.pe,PeruLaptops: Alquiler de laptops para empresas y proyectos ...,https://perulaptops.pe/,PeruLaptops: Alquiler de laptops para empresas y proyectos ...,"Alquiler de laptops para empresas y proyectos, Contamos con laptops de alto rendimiento I5, I7 Laptops HP, Lenovo, dell servicio de entrega y soporte ...",leasing_laptops,alquiler de notebooks empresas Lima,serper,1,189,NO,
7c12447b01403a38669e9faea37b0930b022b9c9,hardrental.com,Hard Rental: Alquiler de Laptops Corporativo en Lima,https://hardrental.com/,Hard Rental: Alquiler de Laptops Corporativo en Lima,"Servicio profesional de alquiler de laptops, PC, tablets, impresoras y proyectores para empresas. Incluye soporte técnico, mantenimiento y equipos de backup.",leasing_laptops,alquiler de notebooks empresas Lima,serper,2,190,NO,
0e565e4cc4d96130c1fa6f5c6758c87567b03b23,compumarket.pe,Servicio de Alquiler de Computadoras,https://compumarket.pe/producto/12911-servicio-de-alquiler-de-computadoras-mensual-hp-dell-lenovo-ensambladas.-entrega-inmediata.-servicios-incluidos.?srsltid=AU7gw4X4GC6xZV4XlrD2j7BriIsbDH-sCoC7UIt-4FnmwJ3oPBxvXIwg,Servicio de Alquiler de Computadoras - Mensual - Hp - Dell,"Alquiler de Computadoras o Laptops con mucha rapidez para empresas y proyectos. Podemos alquilar por dias, semanas o meses. Contamos con equipos de ultima ...",leasing_laptops,alquiler de notebooks empresas Lima,serper,3,203,NO,
fa1b9839fc245ba195a1e60b742bdb10b40be079,thuntech.pe,"Alquiler de laptops en Lima: precios, opciones y cómo ...",https://thuntech.pe/alquiler-de-laptops-en-lima/,"Alquiler de laptops en Lima: precios, opciones y cómo ...",Laptops básicas para oficina: desde S/100 al mes. · Laptops intermedias Core i5 / 8GB RAM: entre S/120 y S/200 al mes. · Laptops avanzadas Core i7 ...,leasing_laptops,alquiler de notebooks empresas Lima,serper,4,169,NO,
06252e37318dc5e20c03ed8c995d6ee4963a721e,instagram.com,"Perú Laptops, alquiler de laptops (@perulaptops) · Lima",https://www.instagram.com/perulaptops/,"Perú Laptops, alquiler de laptops (@perulaptops) · Lima","Somos líderes en alquiler de Laptops, PCs, Impresoras y Proyectores en Lima, Perú. ... Alquiler de laptops para empresas. Consulta aquí: WhatsApp: https ...",leasing_laptops,alquiler de notebooks empresas Lima,serper,5,164,SI,dominio_bloqueado
e6b9a7619be457825cecb9732a936b11efb79a8e,systembaseperu.com,alquiler de laptops a medida,https://systembaseperu.com/blog/alquiler-de-laptops-a-medida/,alquiler de laptops a medida,Brindamos plazos de alquiler desde 1 día hasta 12 meses para empresas que necesitan equipos por proyectos temporales como: Aumento de personal; Eventos / Ferías ...,leasing_laptops,alquiler de notebooks empresas Lima,serper,6,162,NO,
b54162069ce828544b8e711abb789d7bd82811b1,leasein.pe,Leasein: Alquiler de laptops para empresas y proyectos en Perú,https://leasein.pe/,Leasein: Alquiler de laptops para empresas y proyectos en Perú,"Alquiler de laptops para empresas y proyectos. Elige entre HP, Lenovo, Dell y Apple. Con soporte técnico y servicio de entrega en tus oficinas.",leasing_laptops,alquiler de notebooks empresas Lima,serper,7,159,NO,
1cef03d0007d6e245888a97920869b8ee62786cb,innovalaptops.com,Alquiler de laptops en lima,https://innovalaptops.com/,"Alquiler de laptops en lima - Renting, venta y soporte técnico","Necesitas alquilar laptops en Perú? En Innova Laptops tenemos los mejores equipos con planes de alquiler flexibles, ideales para negocios, eventos y más.",leasing_laptops,alquiler de notebooks empresas Lima,serper,8,170,NO,
b7c70898d90f5bb3a32353817e451b646b40299a,facebook.com,Hard Rental,https://www.facebook.com/alquiler.de.laptops.y.computadoras/,Hard Rental - Alquiler de Laptops | Lima,Especialistas en alquiler de laptops y computadoras para empresas. Somos los más rápidos del mercado. Computer Store.,leasing_laptops,alquiler de notebooks empresas Lima,serper,9,178,SI,dominio_bloqueado
e0e798fe798bb3c604140ffb2e89ac5a0258d5e3,hp.com,Alquiler de Computadores para Empresas,https://www.hp.com/pe-es/shop/alquiler-tecnologia-hp,Alquiler de Computadores para Empresas,"El arrendamiento tecnológico de HP permite a las empresas acceder a equipos nuevos y de alto rendimiento mediante el pago de una cuota mensual, sin necesidad de ...",leasing_laptops,alquiler de notebooks empresas Lima,serper,10,162,NO,
1b2199da3a112cbbc72f16c6d05cd472b4f276d3,perulaptops.pe,PeruLaptops: Alquiler de laptops para empresas y proyectos ...,https://perulaptops.pe/,PeruLaptops: Alquiler de laptops para empresas y proyectos ...,"Alquiler de laptops para empresas y proyectos, Contamos con laptops de alto rendimiento I5, I7 Laptops HP, Lenovo, dell servicio de entrega y soporte ...",leasing_laptops,alquiler laptop corporativo Perú,serper,1,189,NO,
7c12447b01403a38669e9faea37b0930b022b9c9,hardrental.com,Hard Rental: Alquiler de Laptops Corporativo en Lima,https://hardrental.com/,Hard Rental: Alquiler de Laptops Corporativo en Lima,"Servicio profesional de alquiler de laptops, PC, tablets, impresoras y proyectores para empresas. Incluye soporte técnico, mantenimiento y equipos de backup.",leasing_laptops,alquiler laptop corporativo Perú,serper,2,190,NO,
b54162069ce828544b8e711abb789d7bd82811b1,leasein.pe,Leasein: Alquiler de laptops para empresas y proyectos en Perú,https://leasein.pe/,Leasein: Alquiler de laptops para empresas y proyectos en Perú,"Alquiler de laptops para empresas y proyectos. Elige entre HP, Lenovo, Dell y Apple. Con soporte técnico y servicio de entrega en tus oficinas.",leasing_laptops,alquiler laptop corporativo Perú,serper,3,179,NO,
e0e798fe798bb3c604140ffb2e89ac5a0258d5e3,hp.com,Alquiler de Computadores para Empresas,https://www.hp.com/pe-es/shop/alquiler-tecnologia-hp,Alquiler de Computadores para Empresas,"El arrendamiento tecnológico de HP permite a las empresas acceder a equipos nuevos y de alto rendimiento mediante el pago de una cuota mensual, sin necesidad de ...",leasing_laptops,alquiler laptop corporativo Perú,serper,4,172,NO,
fa1b9839fc245ba195a1e60b742bdb10b40be079,thuntech.pe,"Alquiler de laptops en Lima: precios, opciones y cómo ...",https://thuntech.pe/alquiler-de-laptops-en-lima/,"Alquiler de laptops en Lima: precios, opciones y cómo ...","Esta solución es ideal para empresas en crecimiento, proyectos temporales, eventos corporativos, capacitaciones, trabajo remoto o equipos que ...",leasing_laptops,alquiler laptop corporativo Perú,serper,5,177,NO,
06252e37318dc5e20c03ed8c995d6ee4963a721e,instagram.com,"Perú Laptops, alquiler de laptops (@perulaptops) · Lima",https://www.instagram.com/perulaptops/,"Perú Laptops, alquiler de laptops (@perulaptops) · Lima","Somos líderes en alquiler de Laptops, PCs, Impresoras y Proyectores en Lima, Perú. #LeasingOperativo #SoporteTécnico.",leasing_laptops,alquiler laptop corporativo Perú,serper,6,162,SI,dominio_bloqueado
e6b9a7619be457825cecb9732a936b11efb79a8e,systembaseperu.com,alquiler de laptops a medida,https://systembaseperu.com/blog/alquiler-de-laptops-a-medida/,alquiler de laptops a medida,"... laptops, alquiler de computadoras y renta de equipos de cómputo para empresas. ... Canales de atención. (01) 719-7400 · +51 981 533 864 · informes@itcloud.pe ...",leasing_laptops,alquiler laptop corporativo Perú,serper,7,178,NO,
34f7f8a53724856d0a6c53f544f9712bad60755c,globalrentingperu.com,Alquiler de laptops: GlobalSolutions,https://www.globalrentingperu.com/,Alquiler de laptops: GlobalSolutions,"En GlobalSolutions nos dedicamos al alquiler de laptops y otros equipos tecnológicos. También brindamos otros servicios como la venta de laptops, monitores, ...",leasing_laptops,alquiler laptop corporativo Perú,serper,8,170,NO,
409ddeeb094045346512d130a8615d877d59fd9c,cervware.com,Arrendamiento de laptops para empresas en Peru,https://cervware.com/arrendamiento-laptops-empresas-peru/,Arrendamiento de laptops para empresas en Peru - CERVware,"Renting tecnologico para empresas: laptops Lenovo, computadoras portatiles, impresoras administradas, soporte asociado y reportes mensuales. Servicios. Renting ...",leasing_laptops,alquiler laptop corporativo Perú,serper,9,178,NO,
544000454f3ee5f4a750578dc4263c9e3674e53c,alquilalaptops.com,Alquiler de Laptops Corporativas en Perú,https://alquilalaptops.com/,Alquiler de Laptops Corporativas en Perú,"Alquila laptops para tu empresa y proyectos en Perú desde 1 día. El alquiler incluye soporte técnico y envío a oficinas. ... *Las laptops incluyen: mochila, mouse ...",leasing_laptops,alquiler laptop corporativo Perú,serper,10,154,NO,
