COMPANY_KEY,ROOT_DOMAIN,COMPANY_NAME,BEST_URL,BEST_SCORE,RESULT_COUNT,QUERY_COUNT,NICHE_IDS,PROVIDERS,QUERIES,SOURCE_URLS,DISCOVERY_STATUS,DISCOVERED_AT,LAST_SEEN_AT
0e565e4cc4d96130c1fa6f5c6758c87567b03b23,compumarket.pe,Servicio de Alquiler de Computadoras,https://compumarket.pe/producto/12911-servicio-de-alquiler-de-computadoras-mensual-hp-dell-lenovo-ensambladas.-entrega-inmediata.-servicios-incluidos.?srsltid=AU7gw4X4azcKsuuvlRZPUdTCgFMfxbe5_EsX8hxyeZZEAssLMjJKkfkD,213,4,4,leasing_laptops,serper,alquiler de computadoras empresas Perú;alquiler de equipos de cómputo Perú;alquiler de laptops empresas Perú;alquiler de notebooks empresas Lima,https://compumarket.pe/producto/12911-servicio-de-alquiler-de-computadoras-mensual-hp-dell-lenovo-ensambladas.-entrega-inmediata.-servicios-incluidos.?srsltid=AU7gw4X4azcKsuuvlRZPUdTCgFMfxbe5_EsX8hxyeZZEAssLMjJKkfkD;https://compumarket.pe/producto/12911-servicio-de-alquiler-de-computadoras-mensual-hp-dell-lenovo-ensambladas.-entrega-inmediata.-servicios-incluidos.?srsltid=AU7gw4X4GC6xZV4XlrD2j7BriIsbDH-sCoC7UIt-4FnmwJ3oPBxvXIwg;https://compumarket.pe/producto/12911-servicio-de-alquiler-de-computadoras-mensual-hp-dell-lenovo-ensambladas.-entrega-inmediata.-servicios-incluidos.?srsltid=AU7gw4VrxFh8lPp4DovhbgJLldVWIeHIOGY5pFauEpCvW2TXxNBTyIof;https://compumarket.pe/producto/12911-servicio-de-alquiler-de-computadoras-mensual-hp-dell-lenovo-ensambladas.-entrega-inmediata.-servicios-incluidos.?srsltid=AU7gw4UswvaikPmi1-R1RXVBX_dp8q1-CfSx3y_c1Z9_1kBGyWtszhVb,DISCOVERED,2026-09-30T18:42:35,2026-09-30T18:59:16
1399f19561165553d5acfb6f33549048c0381966,bancsabadell.com,¿Qué es el renting tecnológico y cómo puede ayudar a mi ...,https://www.bancsabadell.com/bsnacional/es/blog/que-es-el-renting-tecnologico-y-como-puede-ayudar-a-mi-empresa/,162,1,1,leasing_laptops,serper,renting tecnológico Perú,https://www.bancsabadell.com/bsnacional/es/blog/que-es-el-renting-tecnologico-y-como-puede-ayudar-a-mi-empresa/,DISCOVERED,2026-09-30T18:59:16,2026-09-30T18:59:16
1b2199da3a112cbbc72f16c6d05cd472b4f276d3,perulaptops.pe,PeruLaptops: Alquiler de laptops para empresas y proyectos ...,https://perulaptops.pe/,213,8,8,leasing_laptops,serper,alquiler de computadoras empresas Perú;alquiler de equipos de cómputo Perú;alquiler de laptops empresas Perú;alquiler de notebooks empresas Lima;alquiler laptop corporativo Perú;leasing de laptops Perú;leasing tecnológico Perú;renting de laptops Perú,https://perulaptops.pe/;https://perulaptops.pe/leasing-operativo.html,DISCOVERED,2026-09-30T18:42:35,2026-09-30T18:59:16
1cef03d0007d6e245888a97920869b8ee62786cb,innovalaptops.com,Alquiler de laptops en lima,https://innovalaptops.com/,170,1,1,leasing_laptops,serper,alquiler de notebooks empresas Lima,https://innovalaptops.com/,DISCOVERED,2026-09-30T18:59:16,2026-09-30T18:59:16
261a037a06348da4f8c02fe62563e0f1cc78fceb,blogventurecapital.com,Leasein: La Fintech Peruana Revoluciona el Leasing con ...,https://www.blogventurecapital.com/Leasein-La-Fintech-Peruana-Revoluciona-el-Leasing-con-Tecnologia-y-Sostenibilidad_a574.html,146,1,1,leasing_laptops,serper,leasing tecnológico Perú,https://www.blogventurecapital.com/Leasein-La-Fintech-Peruana-Revoluciona-el-Leasing-con-Tecnologia-y-Sostenibilidad_a574.html,DISCOVERED,2026-09-30T18:59:16,2026-09-30T18:59:16
34f7f8a53724856d0a6c53f544f9712bad60755c,globalrentingperu.com,Alquiler de laptops: GlobalSolutions,https://www.globalrentingperu.com/,180,5,5,leasing_laptops,serper,alquiler de computadoras empresas Perú;alquiler de equipos de cómputo Perú;alquiler de laptops empresas Perú;alquiler laptop corporativo Perú;renting de laptops Perú,https://www.globalrentingperu.com/,DISCOVERED,2026-09-30T18:42:35,2026-09-30T18:59:16
3a747d40d948e34f83bfe278016c97ee9166da33,latamtradecapital.com,Leasing Tecnológico,https://www.latamtradecapital.com/peru/leasing-tecnologico.html,154,1,1,leasing_laptops,serper,leasing tecnológico Perú,https://www.latamtradecapital.com/peru/leasing-tecnologico.html,DISCOVERED,2026-09-30T18:59:16,2026-09-30T18:59:16
3d4ac363b8a0aebd9379daae76664ce1325186e1,globals.pe,LEASING OPERATIVO,https://globals.pe/leasing-operativo/,169,1,1,leasing_laptops,serper,leasing de laptops Perú,https://globals.pe/leasing-operativo/,DISCOVERED,2026-09-30T18:42:35,2026-09-30T18:59:16
409ddeeb094045346512d130a8615d877d59fd9c,cervware.com,Arrendamiento de laptops para empresas en Peru,https://cervware.com/arrendamiento-laptops-empresas-peru/,178,1,1,leasing_laptops,serper,alquiler laptop corporativo Perú,https://cervware.com/arrendamiento-laptops-empresas-peru/,DISCOVERED,2026-09-30T18:59:16,2026-09-30T18:59:16
4c3427773c82de1b335290dc4c6af20c1a033e4d,camaranavarra.com,Qué es el renting tecnológico y sus principales ventajas,https://ticnegocios.camaranavarra.com/servicios/tendencias/que-es-el-renting-tecnologico-y-sus-principales-ventajas/,154,1,1,leasing_laptops,serper,renting tecnológico Perú,https://ticnegocios.camaranavarra.com/servicios/tendencias/que-es-el-renting-tecnologico-y-sus-principales-ventajas/,DISCOVERED,2026-09-30T18:59:16,2026-09-30T18:59:16
5319e01a1baac68da72e174aea5f8e8e1ebf7bc9,telsis.com.pe,Leasing Tecnológico Corporativo,https://www.telsis.com.pe/leasing,166,1,1,leasing_laptops,serper,leasing tecnológico Perú,https://www.telsis.com.pe/leasing,DISCOVERED,2026-09-30T18:59:16,2026-09-30T18:59:16
544000454f3ee5f4a750578dc4263c9e3674e53c,alquilalaptops.com,Alquiler de Laptops Corporativas en Perú,https://alquilalaptops.com/,154,2,2,leasing_laptops,serper,alquiler de laptops empresas Perú;alquiler laptop corporativo Perú,https://alquilalaptops.com/,DISCOVERED,2026-09-30T18:42:35,2026-09-30T18:59:16
6072310c34cb36d2cc36d124c54cb036aca79f06,k-tuin.com,¿Qué es el renting tecnológico y cómo ayuda a las empresas,https://www.k-tuin.com/blog/que-es-renting-tecnologico,156,1,1,leasing_laptops,serper,renting tecnológico Perú,https://www.k-tuin.com/blog/que-es-renting-tecnologico,DISCOVERED,2026-09-30T18:59:16,2026-09-30T18:59:16
64ba78fc4a60759a910d1ad59a66aa1bae0e2e08,fintec.com.pe,FINTEC: Alquiler de laptops y leasing operativo,https://www.fintec.com.pe/,182,1,1,leasing_laptops,serper,leasing de laptops Perú,https://www.fintec.com.pe/,DISCOVERED,2026-09-30T18:42:35,2026-09-30T18:59:16
763c91ff0d2c86374243582431afacd264e74485,elcomercio.pe,¿Cuánto cuesta alquilar una laptop en el Perú?,https://elcomercio.pe/respuestas/cuanto-cuesta-alquilar-una-laptop-en-el-peru-de-octava-o-novena-generacion-revtli-noticia/,151,1,1,leasing_laptops,serper,renting de laptops Perú,https://elcomercio.pe/respuestas/cuanto-cuesta-alquilar-una-laptop-en-el-peru-de-octava-o-novena-generacion-revtli-noticia/,DISCOVERED,2026-09-30T18:59:16,2026-09-30T18:59:16
7c12447b01403a38669e9faea37b0930b022b9c9,hardrental.com,Hard Rental: Alquiler de Laptops Corporativo en Lima,https://hardrental.com/,198,7,7,leasing_laptops,serper,alquiler de computadoras empresas Perú;alquiler de equipos de cómputo Perú;alquiler de laptops empresas Perú;alquiler de notebooks empresas Lima;alquiler laptop corporativo Perú;leasing de laptops Perú;renting de laptops Perú,https://hardrental.com/,DISCOVERED,2026-09-30T18:42:35,2026-09-30T18:59:16
7db98d1db0562a25f7adb469b798938c5515699a,itdatum.com,Renting tecnológico para empresas,https://itdatum.com/servicios-tecnologicos-para-empresas/renting-tecnologico/,174,1,1,leasing_laptops,serper,renting tecnológico Perú,https://itdatum.com/servicios-tecnologicos-para-empresas/renting-tecnologico/,DISCOVERED,2026-09-30T18:59:16,2026-09-30T18:59:16
89740844ddb14ab95034e6d3a1ad108d49620975,provisionestecnologicas.pe,Renting,https://www.provisionestecnologicas.pe/renting-renovacion-tecnologica,179,1,1,leasing_laptops,serper,renting tecnológico Perú,https://www.provisionestecnologicas.pe/renting-renovacion-tecnologica,DISCOVERED,2026-09-30T18:59:16,2026-09-30T18:59:16
b54162069ce828544b8e711abb789d7bd82811b1,leasein.pe,Leasein: Alquiler de laptops para empresas y proyectos en Perú,https://leasein.pe/,179,10,9,leasing_laptops,serper,alquiler de computadoras empresas Perú;alquiler de equipos de cómputo Perú;alquiler de laptops empresas Perú;alquiler de notebooks empresas Lima;alquiler laptop corporativo Perú;leasing de laptops Perú;leasing tecnológico Perú;renting de laptops Perú;renting tecnológico Perú,https://leasein.pe/;https://leasein.pe/blog/ventajas-renting-informatico/;https://leasein.pe/blog/que-es-leasing-operativo-laptops-peru/;https://leasein.pe/blog/leasing-financiero-beneficios-empresas/,DISCOVERED,2026-09-30T18:42:35,2026-09-30T18:59:16
c4d11b41eaea18a0384e215cab39b5463950d256,empetec.pe,Precios de ALQUILER de COMPUTADORAS,https://empetec.pe/precios/alquiler/computadoras,179,1,1,leasing_laptops,serper,alquiler de equipos de cómputo Perú,https://empetec.pe/precios/alquiler/computadoras,DISCOVERED,2026-09-30T18:59:16,2026-09-30T18:59:16
d0a63bc0aede25d12e9b610120ec9fa4dc327000,dnpcorp.pe,Alquiler de Laptops en Perú,https://tienda.dnpcorp.pe/alquiler-de-laptops-48,159,1,1,leasing_laptops,serper,renting de laptops Perú,https://tienda.dnpcorp.pe/alquiler-de-laptops-48,DISCOVERED,2026-09-30T18:59:16,2026-09-30T18:59:16
d1f6640035aec67523e309483c73e0aaa9ee6caf,stackoverflow.com,loops,https://stackoverflow.com/questions/11303374/c-sharp-multiplication-table,140,10,1,leasing_laptops,serper,arrendamiento de laptops Perú,https://stackoverflow.com/questions/11303374/c-sharp-multiplication-table;https://stackoverflow.com/questions/5381032/shell-script-for-multiplication-table;https://stackoverflow.com/questions/33237043/error-in-r-nonconformable-arguments-not-true;https://stackoverflow.com/questions/41465569/multiplication-table-in-javascript;https://stackoverflow.com/questions/50900055/printing-a-multiplication-table-with-nested-loops;https://stackoverflow.com/questions/20415384/properly-formatted-multiplication-table;https://stackoverflow.com/questions/51187314/how-do-i-use-while-loops-to-create-a-multiplication-table;https://stackoverflow.com/questions/59904530/function-prints-out-a-multiplication-table;https://stackoverflow.com/questions/37717127/how-to-print-multiplication-table-using-nested-for-loops;https://stackoverflow.com/questions/23714600/multiplication-table-using-recursion-without-loops,DISCOVERED,2026-09-30T18:59:16,2026-09-30T18:59:16
d81921db9b849eb44e15bfd4c38663966b477269,leasing.pe,Somos el líder especialista en alquiler de laptops del Perú ...,https://www.leasing.pe/,205,3,3,leasing_laptops,serper,leasing de laptops Perú;leasing tecnológico Perú;renting tecnológico Perú,https://www.leasing.pe/,DISCOVERED,2026-09-30T18:42:35,2026-09-30T18:59:16
df62e788071e7119645b0b0f2f2acb1b030c7119,startupslatam.com,Leasein: La fintech peruana que transforma el leasing con ...,https://startupslatam.com/leasein-la-fintech-peruana-que-transforma-el-leasing-con-tecnologia-y-sostenibilidad/,154,1,1,leasing_laptops,serper,leasing tecnológico Perú,https://startupslatam.com/leasein-la-fintech-peruana-que-transforma-el-leasing-con-tecnologia-y-sostenibilidad/,DISCOVERED,2026-09-30T18:59:16,2026-09-30T18:59:16
e0e798fe798bb3c604140ffb2e89ac5a0258d5e3,hp.com,Alquiler de Computadores para Empresas,https://www.hp.com/pe-es/shop/alquiler-tecnologia-hp,174,6,6,leasing_laptops,serper,alquiler de computadoras empresas Perú;alquiler de equipos de cómputo Perú;alquiler de laptops empresas Perú;alquiler de notebooks empresas Lima;alquiler laptop corporativo Perú;renting de laptops Perú,https://www.hp.com/pe-es/shop/alquiler-tecnologia-hp,DISCOVERED,2026-09-30T18:42:35,2026-09-30T18:59:16
e6b9a7619be457825cecb9732a936b11efb79a8e,systembaseperu.com,alquiler de laptops a medida,https://systembaseperu.com/blog/alquiler-de-laptops-a-medida/,178,7,7,leasing_laptops,serper,alquiler de computadoras empresas Perú;alquiler de equipos de cómputo Perú;alquiler de laptops empresas Perú;alquiler de notebooks empresas Lima;alquiler laptop corporativo Perú;leasing de laptops Perú;renting de laptops Perú,https://systembaseperu.com/blog/alquiler-de-laptops-a-medida/;https://systembaseperu.com/leasing-de-laptops/,DISCOVERED,2026-09-30T18:42:35,2026-09-30T18:59:16
fa1b9839fc245ba195a1e60b742bdb10b40be079,thuntech.pe,Leasing Operativo de Tecnología para Empresas en Perú,https://thuntech.pe/leasing-operativo/,189,10,9,leasing_laptops,serper,alquiler de computadoras empresas Perú;alquiler de equipos de cómputo Perú;alquiler de laptops empresas Perú;alquiler de notebooks empresas Lima;alquiler laptop corporativo Perú;leasing de laptops Perú;leasing tecnológico Perú;renting de laptops Perú;renting tecnológico Perú,https://thuntech.pe/leasing-operativo/;https://thuntech.pe/renting-tecnologico-peru/;https://thuntech.pe/alquiler-de-laptops-en-lima/,DISCOVERED,2026-09-30T18:42:35,2026-09-30T18:59:16
