PAGE_KEY,COMPANY_KEY,STATUS,EMAILS_FOUND,PHONES_FOUND,PROCESSED_AT
ed56352210fe5fd2f5172afbea88268cb1cb4bb5,0e565e4cc4d96130c1fa6f5c6758c87567b03b23,PROCESSED,2,2,2026-09-30T18:51:37
12e3dac4079dbb5f0eeb91ff7fdfcea85f5958c2,0e565e4cc4d96130c1fa6f5c6758c87567b03b23,PROCESSED,2,2,2026-09-30T18:51:37
fa92ca0d5751784d80329b7c09d97e4fdd7dafd2,0e565e4cc4d96130c1fa6f5c6758c87567b03b23,PROCESSED,2,2,2026-09-30T18:51:37
a4c686d5406da147380198c7cbaca3b8f362b8f4,0e565e4cc4d96130c1fa6f5c6758c87567b03b23,PROCESSED,2,2,2026-09-30T18:51:37
c4f1258c2d3ff3ccb626ddb12f20f729e556f05b,0e565e4cc4d96130c1fa6f5c6758c87567b03b23,PROCESSED,2,2,2026-09-30T18:51:37
5f8ebf15559219f02256006c900ec1a17d46299f,0e565e4cc4d96130c1fa6f5c6758c87567b03b23,PROCESSED,2,2,2026-09-30T18:51:37
a48942aa16ddf7c0ba12de6c16444f9da876b3e1,0e565e4cc4d96130c1fa6f5c6758c87567b03b23,PROCESSED,2,2,2026-09-30T18:51:37
b1c335475f3aa86a76e4c548bffd85c4abec6812,0e565e4cc4d96130c1fa6f5c6758c87567b03b23,PROCESSED,2,2,2026-09-30T18:51:37
fb40ab3f90ebb18d0f19ca5f65e36074c506fa57,0e565e4cc4d96130c1fa6f5c6758c87567b03b23,PROCESSED,2,2,2026-09-30T18:51:37
a5d7e1b7ecc98f6e591c962678ab0072103e515e,0e565e4cc4d96130c1fa6f5c6758c87567b03b23,PROCESSED,2,2,2026-09-30T18:51:37
02521b413a8307267608be5359269a4ffc5be3a5,1b2199da3a112cbbc72f16c6d05cd472b4f276d3,PROCESSED,2,1,2026-09-30T18:51:37
91ed572aefd6bc383d49f6073b9d3cc08e96d8e8,1b2199da3a112cbbc72f16c6d05cd472b4f276d3,PROCESSED,2,1,2026-09-30T18:51:37
d347b6a91c8cf914f02450c59971ad851b8cb387,1b2199da3a112cbbc72f16c6d05cd472b4f276d3,PROCESSED,2,2,2026-09-30T18:51:37
51c4d9345d38132866f273b30951666a109130f9,1b2199da3a112cbbc72f16c6d05cd472b4f276d3,PROCESSED,2,1,2026-09-30T18:51:38
d57e1800205d792b0266cf9522eb1b2f146dc6cc,1b2199da3a112cbbc72f16c6d05cd472b4f276d3,PROCESSED,4,3,2026-09-30T18:51:38
7ececd8d66ff679c5be42317f5112a53d8e8142b,1399f19561165553d5acfb6f33549048c0381966,NO_CONTACTS,0,0,2026-09-30T19:05:23
39d2eaffe765390a612ba15900baeef30536de7f,1399f19561165553d5acfb6f33549048c0381966,NO_CONTACTS,0,0,2026-09-30T19:05:23
5ade2ba383764daad2905dad4e11b69bb67bf194,1399f19561165553d5acfb6f33549048c0381966,NO_CONTACTS,0,0,2026-09-30T19:05:23
723508bba71481edef9e1192db667d6a9e3cdb48,1399f19561165553d5acfb6f33549048c0381966,NO_CONTACTS,0,0,2026-09-30T19:05:23
a6b248ec440af204f58283388292d71cec42d394,1399f19561165553d5acfb6f33549048c0381966,NO_CONTACTS,0,0,2026-09-30T19:05:23
3faf6be7ca664274bcb21d0182997d97c98dffc8,1b2199da3a112cbbc72f16c6d05cd472b4f276d3,PROCESSED,2,2,2026-09-30T19:05:23
151a8996d5a93fdd805945cb0a514eec4b71efb4,1b2199da3a112cbbc72f16c6d05cd472b4f276d3,PROCESSED,2,1,2026-09-30T19:05:23
ded1b6aac3e2360cef0f94c588391618568882b6,1b2199da3a112cbbc72f16c6d05cd472b4f276d3,PROCESSED,2,1,2026-09-30T19:05:23
e2699da8abf8c1b7d22754183c1a538d1aa6603a,1b2199da3a112cbbc72f16c6d05cd472b4f276d3,PROCESSED,2,3,2026-09-30T19:05:23
a5e592425ad7403b182a8c337a382d0c5b1fbf63,1b2199da3a112cbbc72f16c6d05cd472b4f276d3,PROCESSED,2,3,2026-09-30T19:05:23
c2a65ecf27db0686161a1f39eff524c0dd8bcb41,261a037a06348da4f8c02fe62563e0f1cc78fceb,NO_CONTACTS,0,0,2026-09-30T19:05:23
b714e56337ad8756086dc19bf736984d4de11a9c,261a037a06348da4f8c02fe62563e0f1cc78fceb,NO_CONTACTS,0,0,2026-09-30T19:05:23
58132b110e8bf38f89d6af236038d0514dbede8e,261a037a06348da4f8c02fe62563e0f1cc78fceb,NO_CONTACTS,0,0,2026-09-30T19:05:23
3458513da962ece3203436c1dfcde9e295cc78b3,261a037a06348da4f8c02fe62563e0f1cc78fceb,NO_CONTACTS,0,0,2026-09-30T19:05:23
7849b7b4d00a482a837d136e24dd26c09724f691,261a037a06348da4f8c02fe62563e0f1cc78fceb,NO_CONTACTS,0,0,2026-09-30T19:05:23
2b72edbc308a80fea727f87eed4f178f34c93c77,34f7f8a53724856d0a6c53f544f9712bad60755c,PROCESSED,1,0,2026-09-30T19:05:23
6f8c48a7b70323276599a22452d33506437f8c83,34f7f8a53724856d0a6c53f544f9712bad60755c,PROCESSED,1,1,2026-09-30T19:05:23
88d421ece73e8ef71e1df3fa06e726fee941f45e,34f7f8a53724856d0a6c53f544f9712bad60755c,PROCESSED,1,0,2026-09-30T19:05:23
ef2bbe3d54d0f499a954518af57250ee1efbe10b,34f7f8a53724856d0a6c53f544f9712bad60755c,PROCESSED,1,0,2026-09-30T19:05:23
1dae7f7f36656efc586172af2a21d63a4dd2e27b,34f7f8a53724856d0a6c53f544f9712bad60755c,PROCESSED,1,0,2026-09-30T19:05:23
f96c0b8fd7d709b6f01e0159c79bb395453bb8b1,3a747d40d948e34f83bfe278016c97ee9166da33,PROCESSED,3,1,2026-09-30T19:05:23
06646fe19846add0e8dfec945f2a862582927c58,3a747d40d948e34f83bfe278016c97ee9166da33,PROCESSED,3,1,2026-09-30T19:05:23
8020eb05f1d4368ecd2016133ebfdc9c1f100b36,3a747d40d948e34f83bfe278016c97ee9166da33,PROCESSED,3,1,2026-09-30T19:05:23
c4eca1eb5e7469f96a2b6a74d334d16343e6640f,3a747d40d948e34f83bfe278016c97ee9166da33,PROCESSED,3,0,2026-09-30T19:05:24
5f2c9b6287bf303b24a489cf18c8110f34c65f0e,3a747d40d948e34f83bfe278016c97ee9166da33,PROCESSED,4,4,2026-09-30T19:05:24
e75de2cda7ce82f60f383f8b361d3d3307a8da14,3a747d40d948e34f83bfe278016c97ee9166da33,PROCESSED,3,0,2026-09-30T19:05:24
b4b8927f54d939df6b0238b1981bd3123c1cf794,3a747d40d948e34f83bfe278016c97ee9166da33,PROCESSED,3,0,2026-09-30T19:05:24
c00e82107489f8c44d8ce5bdf0a026be9bc59ae5,3a747d40d948e34f83bfe278016c97ee9166da33,PROCESSED,3,0,2026-09-30T19:05:24
caac958104f5dd084b6b6a107c2ae48b0fa1abdd,3a747d40d948e34f83bfe278016c97ee9166da33,PROCESSED,3,0,2026-09-30T19:05:24
683c7ee7b6983315f75b064c8b7f40c0e69d0021,3a747d40d948e34f83bfe278016c97ee9166da33,PROCESSED,3,1,2026-09-30T19:05:24
36fa8d47cc7a61a7566bec99fc5d6bad25e2545f,3d4ac363b8a0aebd9379daae76664ce1325186e1,PROCESSED,1,2,2026-09-30T19:05:24
c2a10d160288230daaebb848457769adfbdcfdb3,3d4ac363b8a0aebd9379daae76664ce1325186e1,PROCESSED,1,2,2026-09-30T19:05:24
c2253ea806b32c30d8338341aeeeb81e52d8fddd,3d4ac363b8a0aebd9379daae76664ce1325186e1,PROCESSED,1,2,2026-09-30T19:05:24
5a1d5124158e18b6c7191fec65f46bb875d93ced,3d4ac363b8a0aebd9379daae76664ce1325186e1,PROCESSED,1,2,2026-09-30T19:05:24
79d20d1bb665ce681dc774270c5f518689051810,3d4ac363b8a0aebd9379daae76664ce1325186e1,PROCESSED,1,2,2026-09-30T19:05:24
7088ab9a433fd94cfaf4e2cf39a1191e62a72bb0,409ddeeb094045346512d130a8615d877d59fd9c,PROCESSED,1,1,2026-09-30T19:05:24
c7dc75c406851f48f860b65bf11653ce91811fce,409ddeeb094045346512d130a8615d877d59fd9c,PROCESSED,1,1,2026-09-30T19:05:24
fcadb73eef3a51cfe209509fe02a8ceb2c7cabe4,409ddeeb094045346512d130a8615d877d59fd9c,PROCESSED,1,1,2026-09-30T19:05:24
f4f2ecf1da2cdaad8c02fdb518a15c9aa80d02b5,409ddeeb094045346512d130a8615d877d59fd9c,PROCESSED,1,1,2026-09-30T19:05:24
d6c43d8c3dc1c14609fb48b3be1256de1b15ca7f,409ddeeb094045346512d130a8615d877d59fd9c,PROCESSED,1,1,2026-09-30T19:05:24
aa193f9e281e7ec30ba1ae231c30e6f5ff8df528,409ddeeb094045346512d130a8615d877d59fd9c,PROCESSED,1,1,2026-09-30T19:05:24
750eb99b9efff0c2094bc82967f7607d74b7c814,409ddeeb094045346512d130a8615d877d59fd9c,PROCESSED,1,1,2026-09-30T19:05:24
96cc7738a7f3b30fe902b6b6bf0933c0cecc5ad3,409ddeeb094045346512d130a8615d877d59fd9c,PROCESSED,1,1,2026-09-30T19:05:24
772f41f599fec0a9e46b8292339098cabf2c1370,409ddeeb094045346512d130a8615d877d59fd9c,PROCESSED,1,1,2026-09-30T19:05:24
7f08ad02c365b07e10083f41e22370ed17201957,409ddeeb094045346512d130a8615d877d59fd9c,PROCESSED,1,1,2026-09-30T19:05:24
fb4b5413f191f1b3c1bb3f700e2f97e34147b746,4c3427773c82de1b335290dc4c6af20c1a033e4d,PROCESSED,1,0,2026-09-30T19:05:24
8efc84c30bfc92472a0cfe4116bd748e85776fd6,4c3427773c82de1b335290dc4c6af20c1a033e4d,PROCESSED,2,0,2026-09-30T19:05:24
273cfc775f37d34ebf13e35f88065ff017c36e16,4c3427773c82de1b335290dc4c6af20c1a033e4d,PROCESSED,2,0,2026-09-30T19:05:24
4ad567ec7c9f18f904c639be126ec14e61c97501,4c3427773c82de1b335290dc4c6af20c1a033e4d,PROCESSED,1,0,2026-09-30T19:05:24
bdb43899eda7b9ac9f0d698b6313deba78bc7317,4c3427773c82de1b335290dc4c6af20c1a033e4d,PROCESSED,1,0,2026-09-30T19:05:24
89ac085afc43a14f78476a8a56b2ebb4481773b7,4c3427773c82de1b335290dc4c6af20c1a033e4d,PROCESSED,1,0,2026-09-30T19:05:24
92fb334b1d8e4902fea0f3a8c0c745e09d020c4b,4c3427773c82de1b335290dc4c6af20c1a033e4d,PROCESSED,1,0,2026-09-30T19:05:24
9ed45f0df8fd79524c9469136ee44ed171f7e0b0,4c3427773c82de1b335290dc4c6af20c1a033e4d,PROCESSED,1,0,2026-09-30T19:05:24
27cda1a925f0eae37f1056451d5bb318d58df46a,4c3427773c82de1b335290dc4c6af20c1a033e4d,PROCESSED,1,0,2026-09-30T19:05:24
661298f7d2f72f25d812ebea48273451b08ba3c4,4c3427773c82de1b335290dc4c6af20c1a033e4d,PROCESSED,1,0,2026-09-30T19:05:24
c2450693979f9a889dc17b9b0e8463a6bb91460f,544000454f3ee5f4a750578dc4263c9e3674e53c,PROCESSED,1,0,2026-09-30T19:05:24
2642546b2b0efa3cc8de81b8301efc25d26608c8,544000454f3ee5f4a750578dc4263c9e3674e53c,NO_CONTACTS,0,0,2026-09-30T19:05:24
e1cd40cf1bf468378d6016b7d8ef8bce91df51ec,544000454f3ee5f4a750578dc4263c9e3674e53c,PROCESSED,1,0,2026-09-30T19:05:24
50a445f2918995f3d1fe88248718e06a5838faa1,544000454f3ee5f4a750578dc4263c9e3674e53c,NO_CONTACTS,0,0,2026-09-30T19:05:24
f6d1f8247664645380002499cfb4feb606412d04,544000454f3ee5f4a750578dc4263c9e3674e53c,NO_CONTACTS,0,0,2026-09-30T19:05:24
c806c2a5f28379206eee50ac543ac4ca25f48c81,6072310c34cb36d2cc36d124c54cb036aca79f06,PROCESSED,2,1,2026-09-30T19:05:24
e23c33e7b88fc648ad7a4757b8902c08cc333133,6072310c34cb36d2cc36d124c54cb036aca79f06,PROCESSED,2,1,2026-09-30T19:05:24
61fccc26a123792c95034510301c21586abfbc95,6072310c34cb36d2cc36d124c54cb036aca79f06,PROCESSED,1,0,2026-09-30T19:05:24
b14bc9f3f3cdea2da0e433b228f49ef8d0097fe3,6072310c34cb36d2cc36d124c54cb036aca79f06,PROCESSED,1,0,2026-09-30T19:05:24
e92cc57ffc61e89e57c113fce889f14bd9098094,6072310c34cb36d2cc36d124c54cb036aca79f06,PROCESSED,2,1,2026-09-30T19:05:24
2b0fd8f23e2ea705e3f7d51c44a2f9458f222528,6072310c34cb36d2cc36d124c54cb036aca79f06,PROCESSED,2,1,2026-09-30T19:05:24
647f43f1bc3a5bd1487066a91fc9d967906023c2,6072310c34cb36d2cc36d124c54cb036aca79f06,PROCESSED,1,0,2026-09-30T19:05:24
cd9171b785a806c5f81937b5d29cb11776030789,6072310c34cb36d2cc36d124c54cb036aca79f06,PROCESSED,1,0,2026-09-30T19:05:24
919a01a4b22895aa012ee912d29e06e36e388709,6072310c34cb36d2cc36d124c54cb036aca79f06,PROCESSED,1,0,2026-09-30T19:05:24
e84c5771019dac412a730a45f71a934af97d1d62,6072310c34cb36d2cc36d124c54cb036aca79f06,PROCESSED,2,1,2026-09-30T19:05:24
aa222b18641950ca21b08e189a884c37996aa3f0,64ba78fc4a60759a910d1ad59a66aa1bae0e2e08,PROCESSED,1,2,2026-09-30T19:05:24
fa221e7bcede3b35c1465b970f34b8ec5125027c,64ba78fc4a60759a910d1ad59a66aa1bae0e2e08,NO_CONTACTS,0,0,2026-09-30T19:05:24
d6d78969726a3914510f6d8098eda6e1888af8b4,64ba78fc4a60759a910d1ad59a66aa1bae0e2e08,NO_CONTACTS,0,0,2026-09-30T19:05:24
508c256e40f2f07a62aac5b4455ee18cca78b224,64ba78fc4a60759a910d1ad59a66aa1bae0e2e08,NO_CONTACTS,0,0,2026-09-30T19:05:24
fb636be9efdc4c9c48ae75babf1e2e55e0a80f9b,64ba78fc4a60759a910d1ad59a66aa1bae0e2e08,NO_CONTACTS,0,0,2026-09-30T19:05:24
d6ce49e753afa753e5ce679eea5ce0813e57986a,763c91ff0d2c86374243582431afacd264e74485,PROCESSED,2,0,2026-09-30T19:05:25
12c3592ab92bcc88b99a939c8548491c73f343c5,763c91ff0d2c86374243582431afacd264e74485,PROCESSED,1,0,2026-09-30T19:05:25
e7bdd51ff684bd22cf660e63fc77e0fdb70a1cd4,763c91ff0d2c86374243582431afacd264e74485,PROCESSED,11,0,2026-09-30T19:05:25
802ae4a52a6279400673cc8376d9c565af7be99b,763c91ff0d2c86374243582431afacd264e74485,PROCESSED,1,0,2026-09-30T19:05:25
538373e1496e041c20a7f24a0b282dd4e6018322,763c91ff0d2c86374243582431afacd264e74485,PROCESSED,2,0,2026-09-30T19:05:25
c8f6760eb8a0d688f63a721ab4b3bcfef8d860ca,763c91ff0d2c86374243582431afacd264e74485,PROCESSED,1,0,2026-09-30T19:05:25
5839dd9c12c6fcd584efa8cdca9c27266a223f0a,763c91ff0d2c86374243582431afacd264e74485,PROCESSED,2,0,2026-09-30T19:05:25
2af0949bc2ffb3e9faa707f2a652c6de5adb357e,763c91ff0d2c86374243582431afacd264e74485,PROCESSED,2,0,2026-09-30T19:05:25
1b9f6ee616e4d8f4fbe0e63dce498e4b8b3fab6c,763c91ff0d2c86374243582431afacd264e74485,PROCESSED,4,0,2026-09-30T19:05:25
8f4d7fb7bc5ac8020745e5ef9b0463942b405fcf,763c91ff0d2c86374243582431afacd264e74485,PROCESSED,2,0,2026-09-30T19:05:25
e5fb2532a60d83a1140f7f053add1410955f2b5b,7c12447b01403a38669e9faea37b0930b022b9c9,PROCESSED,1,1,2026-09-30T19:05:25
9c5bc0a58450ea8b924a8f9427723281da6c2968,7c12447b01403a38669e9faea37b0930b022b9c9,PROCESSED,1,1,2026-09-30T19:05:25
ffb646a32046ae84d50f92f8a7cdeeba9675541c,7c12447b01403a38669e9faea37b0930b022b9c9,PROCESSED,1,1,2026-09-30T19:05:25
73116fa605df35b4d9e9cac15c9d0ab7b805ee6c,7c12447b01403a38669e9faea37b0930b022b9c9,PROCESSED,1,1,2026-09-30T19:05:25
a9617af86d2a24f23bccefdf636128df0d2583e2,7c12447b01403a38669e9faea37b0930b022b9c9,PROCESSED,1,1,2026-09-30T19:05:25
a529e2b545d85410ce703daf03affeb76bd1d29b,7db98d1db0562a25f7adb469b798938c5515699a,PROCESSED,1,1,2026-09-30T19:05:25
4eee971ffaa7adde49c0a56431acc2d4fd030951,7db98d1db0562a25f7adb469b798938c5515699a,PROCESSED,1,1,2026-09-30T19:05:25
526a06a257991313ae9b590d729a3cb7da4f865c,7db98d1db0562a25f7adb469b798938c5515699a,PROCESSED,1,1,2026-09-30T19:05:25
42e2cb6e09edec6d03213a8ac362994ebf663839,7db98d1db0562a25f7adb469b798938c5515699a,PROCESSED,1,1,2026-09-30T19:05:25
0e831400c0683883b572a49ef201bbaba6b9d155,7db98d1db0562a25f7adb469b798938c5515699a,PROCESSED,1,1,2026-09-30T19:05:25
589612be08a01e95563ebf93f10065f0e03e2caa,7db98d1db0562a25f7adb469b798938c5515699a,PROCESSED,1,1,2026-09-30T19:05:25
6c0cd10fbf10ea0a8bed4b74445197f6ce5f54b7,7db98d1db0562a25f7adb469b798938c5515699a,PROCESSED,1,1,2026-09-30T19:05:25
e116d541001a08454c586dc3c5542a56222c336b,7db98d1db0562a25f7adb469b798938c5515699a,PROCESSED,1,1,2026-09-30T19:05:25
b33f584a143c9d9177e14dffb30313ae557d71b7,7db98d1db0562a25f7adb469b798938c5515699a,PROCESSED,1,1,2026-09-30T19:05:25
106491e470b89d28835d2849ff0a332d5ffd4420,7db98d1db0562a25f7adb469b798938c5515699a,PROCESSED,1,1,2026-09-30T19:05:25
29e2d3e5d62199d4456caea081fe6147316d8b74,89740844ddb14ab95034e6d3a1ad108d49620975,NO_CONTACTS,0,0,2026-09-30T19:05:25
8a392cc9b0b8f0b8214e4c2f11fdd62820e6b446,89740844ddb14ab95034e6d3a1ad108d49620975,NO_CONTACTS,0,0,2026-09-30T19:05:25
ef8cf26e637545c07f453b3f952032c299b255e0,89740844ddb14ab95034e6d3a1ad108d49620975,NO_CONTACTS,0,0,2026-09-30T19:05:25
0f3292c7f707d00079270559c2dbede751d4fb73,89740844ddb14ab95034e6d3a1ad108d49620975,NO_CONTACTS,0,0,2026-09-30T19:05:26
c22a589b93678e0092a59a8e91fe89409567dbdb,89740844ddb14ab95034e6d3a1ad108d49620975,NO_CONTACTS,0,0,2026-09-30T19:05:26
0c4678c6eefec6fede580a4e3b93598b38c70c5c,89740844ddb14ab95034e6d3a1ad108d49620975,NO_CONTACTS,0,0,2026-09-30T19:05:26
07281e07e42b75a5e6b858f145ed0804423a50f4,89740844ddb14ab95034e6d3a1ad108d49620975,NO_CONTACTS,0,0,2026-09-30T19:05:26
6d909d24fa7f6d8ad374518a50e0c939233200cb,89740844ddb14ab95034e6d3a1ad108d49620975,NO_CONTACTS,0,0,2026-09-30T19:05:26
6ae950e2c4a3cc6c8690b030155f4832ee155f8c,89740844ddb14ab95034e6d3a1ad108d49620975,NO_CONTACTS,0,0,2026-09-30T19:05:26
44596ab69fde9323c4b9654037f489e43129518d,89740844ddb14ab95034e6d3a1ad108d49620975,NO_CONTACTS,0,0,2026-09-30T19:05:26
879610f8fa9cd9c20774cedd62f969c2695b0005,b54162069ce828544b8e711abb789d7bd82811b1,PROCESSED,4,0,2026-09-30T19:05:26
a254b6052d55f8f864245b6173833d1a936bfc5b,b54162069ce828544b8e711abb789d7bd82811b1,NO_CONTACTS,0,0,2026-09-30T19:05:26
c14deee87335f92058023031bee5b367134788b1,b54162069ce828544b8e711abb789d7bd82811b1,PROCESSED,4,0,2026-09-30T19:05:26
2a2d5d8dc87ff4b32d20fb21752bfd5007872305,b54162069ce828544b8e711abb789d7bd82811b1,PROCESSED,2,0,2026-09-30T19:05:26
d016805aea55f0914209f21146d857674e90d0c1,b54162069ce828544b8e711abb789d7bd82811b1,PROCESSED,4,0,2026-09-30T19:05:26
970503ed03d92beca5b63e6cd53391602472da56,b54162069ce828544b8e711abb789d7bd82811b1,PROCESSED,3,0,2026-09-30T19:05:26
d04d0d8ade2d5f2cb2184c0115bd2a74d5acf21c,b54162069ce828544b8e711abb789d7bd82811b1,PROCESSED,3,0,2026-09-30T19:05:26
a8781c9750e0d81b3eafa3e5eb389020ba18fb44,b54162069ce828544b8e711abb789d7bd82811b1,PROCESSED,3,0,2026-09-30T19:05:26
a339ca6b0d872acaf05a29c7ef91478e7fa471c1,b54162069ce828544b8e711abb789d7bd82811b1,PROCESSED,2,0,2026-09-30T19:05:26
d6a68f5d752c2733e87a1ad64a064e43019a0ae2,b54162069ce828544b8e711abb789d7bd82811b1,PROCESSED,4,0,2026-09-30T19:05:26
1ed8e5ae03ec4cd608b9d722c70c297495ce358b,b54162069ce828544b8e711abb789d7bd82811b1,PROCESSED,3,0,2026-09-30T19:05:26
d4ecb7a6c6e78f3ae7110afcbe5c152174a64bec,b54162069ce828544b8e711abb789d7bd82811b1,PROCESSED,3,0,2026-09-30T19:05:26
3200c19149974d1649b4f19a9a7c72c49dfae7e8,b54162069ce828544b8e711abb789d7bd82811b1,PROCESSED,3,0,2026-09-30T19:05:26
31449e6b7eb65ec489b673ec8b2327d9d535214b,b54162069ce828544b8e711abb789d7bd82811b1,PROCESSED,3,0,2026-09-30T19:05:26
cbf130e5df27219bfd0f23893ecb1698be7550d4,b54162069ce828544b8e711abb789d7bd82811b1,PROCESSED,4,0,2026-09-30T19:05:26
c39bc63cc0eead8dd02ee0f6fd648117038d57b8,b54162069ce828544b8e711abb789d7bd82811b1,PROCESSED,3,1,2026-09-30T19:05:26
f129c86539fb323657ea025e4faeba6378dcfbaf,b54162069ce828544b8e711abb789d7bd82811b1,PROCESSED,3,0,2026-09-30T19:05:26
7b904df5cc95435f94e619fac2da22bba0071e7a,b54162069ce828544b8e711abb789d7bd82811b1,PROCESSED,4,1,2026-09-30T19:05:26
66d9c35259430a54167e0064fd706d2fe970ea9c,b54162069ce828544b8e711abb789d7bd82811b1,PROCESSED,4,1,2026-09-30T19:05:26
70c8533c1202ed12432e876fae852abf5f53ed3f,b54162069ce828544b8e711abb789d7bd82811b1,PROCESSED,4,0,2026-09-30T19:05:27
c2c08bfa99b87ee098eef5f2dcd6a116044b52ea,c4d11b41eaea18a0384e215cab39b5463950d256,NO_CONTACTS,0,0,2026-09-30T19:05:27
6b537fd1dad1b358d8c17a699bc9200c7a4bf981,c4d11b41eaea18a0384e215cab39b5463950d256,PROCESSED,2,2,2026-09-30T19:05:27
944b1be20cdd5a0b1d9fcf5152ec129e251e5adc,c4d11b41eaea18a0384e215cab39b5463950d256,PROCESSED,1,2,2026-09-30T19:05:27
e6114e49a9e118775f1290d09319d23627e1b18a,c4d11b41eaea18a0384e215cab39b5463950d256,NO_CONTACTS,0,0,2026-09-30T19:05:27
bedad687fe31916ef90e6dc9f3641d7847cdec91,c4d11b41eaea18a0384e215cab39b5463950d256,PROCESSED,1,2,2026-09-30T19:05:27
269f165f9d5de98525fa5dbfcc9161ed2e73c5ea,c4d11b41eaea18a0384e215cab39b5463950d256,PROCESSED,1,2,2026-09-30T19:05:27
f019e6bc9ef36d2f6e103758ada5b5d1b426cf0b,c4d11b41eaea18a0384e215cab39b5463950d256,NO_CONTACTS,0,0,2026-09-30T19:05:27
8e27a8b9d23f81b69e0328e497aabe5a5c2203e9,c4d11b41eaea18a0384e215cab39b5463950d256,PROCESSED,1,2,2026-09-30T19:05:27
f3ddb7350be803be0570a9b422fa92924acdb91c,c4d11b41eaea18a0384e215cab39b5463950d256,PROCESSED,1,2,2026-09-30T19:05:27
6765a092c892c47a119effa334b160131c99f6c1,c4d11b41eaea18a0384e215cab39b5463950d256,PROCESSED,1,2,2026-09-30T19:05:27
1bb6e4e68b96b45d1cb697f91d7bacefe46e3d2d,d0a63bc0aede25d12e9b610120ec9fa4dc327000,PROCESSED,1,0,2026-09-30T19:05:27
578c3cf833066435bbf1a76f75ce4145e783e096,d0a63bc0aede25d12e9b610120ec9fa4dc327000,PROCESSED,1,0,2026-09-30T19:05:27
ab14fbcd8c7fd1b24d4f0931f33e4e6e89bda8d2,d0a63bc0aede25d12e9b610120ec9fa4dc327000,NO_CONTACTS,0,0,2026-09-30T19:05:27
7dc939c1669a32d5837a3cf86d63fe61d4ba3149,d0a63bc0aede25d12e9b610120ec9fa4dc327000,PROCESSED,1,0,2026-09-30T19:05:27
923bdf355d2a80087ebc6a3103d32c9ebbdbe6f2,d0a63bc0aede25d12e9b610120ec9fa4dc327000,PROCESSED,1,0,2026-09-30T19:05:27
473fd2f34b81319a62abfdcb0bfeaa0a6e9207ac,d0a63bc0aede25d12e9b610120ec9fa4dc327000,PROCESSED,1,0,2026-09-30T19:05:27
0ba351c5ef9c64a108f3160bba032c1eed75f726,d0a63bc0aede25d12e9b610120ec9fa4dc327000,PROCESSED,2,0,2026-09-30T19:05:27
19f72068fe0b641b15df690102bd66fe0e0a70d0,d0a63bc0aede25d12e9b610120ec9fa4dc327000,PROCESSED,2,0,2026-09-30T19:05:27
42466d54347c0bf858322ef124b112d0f1a267f1,d0a63bc0aede25d12e9b610120ec9fa4dc327000,PROCESSED,1,0,2026-09-30T19:05:27
487a9acb81fbc32f25e0134c4db87afdadda7e40,d0a63bc0aede25d12e9b610120ec9fa4dc327000,PROCESSED,1,0,2026-09-30T19:05:27
da339636ff5e4c31e94452eb750422c34bb2c3f0,d81921db9b849eb44e15bfd4c38663966b477269,PROCESSED,1,1,2026-09-30T19:05:27
6df220c919a29f39acb212bc22c07ea961aff840,df62e788071e7119645b0b0f2f2acb1b030c7119,NO_CONTACTS,0,0,2026-09-30T19:05:27
14d3b934d0293769b98fbdf9ff9f1ea671bca585,df62e788071e7119645b0b0f2f2acb1b030c7119,NO_CONTACTS,0,0,2026-09-30T19:05:27
31239f7ae65f1cbac6bf7aa62ab4d2ba3ac55079,df62e788071e7119645b0b0f2f2acb1b030c7119,NO_CONTACTS,0,0,2026-09-30T19:05:27
b613a5f44be84cb7af7952e6e65e775a33375f52,df62e788071e7119645b0b0f2f2acb1b030c7119,NO_CONTACTS,0,0,2026-09-30T19:05:27
11f8a19e2f1542ef5fe05de0b308ab3eb369d3e9,df62e788071e7119645b0b0f2f2acb1b030c7119,NO_CONTACTS,0,0,2026-09-30T19:05:27
642d157859535b20237d2a1ed9fca3a7983ca6e7,e0e798fe798bb3c604140ffb2e89ac5a0258d5e3,PROCESSED,0,4,2026-09-30T19:05:27
78b9cc8fc10e69e3cfc1fb3a59261c3c223073c5,e0e798fe798bb3c604140ffb2e89ac5a0258d5e3,PROCESSED,0,3,2026-09-30T19:05:27
dd60f00e778103154acfd04096d26d0fc782f659,e0e798fe798bb3c604140ffb2e89ac5a0258d5e3,PROCESSED,0,3,2026-09-30T19:05:27
7653cdcc9b3b4bf223f2430c48040f8474adedd3,e0e798fe798bb3c604140ffb2e89ac5a0258d5e3,NO_CONTACTS,0,0,2026-09-30T19:05:27
8ea60795c193a20402a01efb47865c5df64af680,e0e798fe798bb3c604140ffb2e89ac5a0258d5e3,PROCESSED,0,3,2026-09-30T19:05:27
da3374f1f842dbc5ee5051b19974b42aa3ca42ca,e0e798fe798bb3c604140ffb2e89ac5a0258d5e3,NO_CONTACTS,0,0,2026-09-30T19:05:27
d0d65b073a537d6e7baf3ce8db78c077f3227bd9,e0e798fe798bb3c604140ffb2e89ac5a0258d5e3,NO_CONTACTS,0,0,2026-09-30T19:05:27
5e650a71c17c47d600f7380a2107e15637a66d4f,e0e798fe798bb3c604140ffb2e89ac5a0258d5e3,PROCESSED,0,3,2026-09-30T19:05:27
bc951a303d5e83958d00cae7c361a3c6c07b08d2,e0e798fe798bb3c604140ffb2e89ac5a0258d5e3,PROCESSED,0,3,2026-09-30T19:05:27
b310bda9b60aadf8a5e3dfdf2f4683db5b278a17,e0e798fe798bb3c604140ffb2e89ac5a0258d5e3,PROCESSED,0,3,2026-09-30T19:05:28
a2ef181b981e7204969c8858f064b5782e754f3a,e6b9a7619be457825cecb9732a936b11efb79a8e,PROCESSED,3,2,2026-09-30T19:05:28
488ada1c1d1d00a9b415c5d8cde20a7bd1c2441b,e6b9a7619be457825cecb9732a936b11efb79a8e,PROCESSED,2,2,2026-09-30T19:05:28
693e9231a9ea0d7daf18a9859f40681877f816a0,e6b9a7619be457825cecb9732a936b11efb79a8e,PROCESSED,2,2,2026-09-30T19:05:28
2456445ee8b6cf1909f089f0b004a4484e5e5e66,e6b9a7619be457825cecb9732a936b11efb79a8e,PROCESSED,2,2,2026-09-30T19:05:28
dd87be937ff179dfbaba099199f9a0799163fa48,e6b9a7619be457825cecb9732a936b11efb79a8e,PROCESSED,2,2,2026-09-30T19:05:28
93980531dbd62c7ef4e03e27cb272a7c9c743100,e6b9a7619be457825cecb9732a936b11efb79a8e,PROCESSED,2,2,2026-09-30T19:05:28
725bb0e56f01d6e9ac0667a5b057d5d97b8bd54c,e6b9a7619be457825cecb9732a936b11efb79a8e,PROCESSED,10,2,2026-09-30T19:05:28
c8b1050f4d139fe9c1d4cc329569888a2327e218,e6b9a7619be457825cecb9732a936b11efb79a8e,PROCESSED,2,2,2026-09-30T19:05:28
880d36c86f6e73d42a5112769b868b9960b35c5d,e6b9a7619be457825cecb9732a936b11efb79a8e,PROCESSED,2,2,2026-09-30T19:05:28
c0f1b0e164154f4bcde6379e02a60b6fd67d396b,e6b9a7619be457825cecb9732a936b11efb79a8e,PROCESSED,2,2,2026-09-30T19:05:28
6cf347047b8f6cbe00f68391c97e7b3d5b0c897b,fa1b9839fc245ba195a1e60b742bdb10b40be079,PROCESSED,1,0,2026-09-30T19:05:28
f1d5db9cd1cade68611301d3b90cb4dd142c08b4,fa1b9839fc245ba195a1e60b742bdb10b40be079,PROCESSED,1,0,2026-09-30T19:05:28
48ca2574ddbb2405923634eee7a830d3678ac837,fa1b9839fc245ba195a1e60b742bdb10b40be079,PROCESSED,1,0,2026-09-30T19:05:28
d50dfba8c74c7a1d981186df725dc206ac2677bd,fa1b9839fc245ba195a1e60b742bdb10b40be079,PROCESSED,1,0,2026-09-30T19:05:28
42be22b5aeb8b25d947dbea036543930aac8f71b,fa1b9839fc245ba195a1e60b742bdb10b40be079,PROCESSED,1,0,2026-09-30T19:05:28
0894f7f1bcecbff061d42de7583b6de7c446219c,fa1b9839fc245ba195a1e60b742bdb10b40be079,PROCESSED,1,0,2026-09-30T19:05:28
8d680302c97162354fd8347b165098ccced52f6b,fa1b9839fc245ba195a1e60b742bdb10b40be079,PROCESSED,1,0,2026-09-30T19:05:28
0c34acc5a35470042c9a4be7510df79a1b81246e,fa1b9839fc245ba195a1e60b742bdb10b40be079,PROCESSED,1,0,2026-09-30T19:05:28
ed100881d06da4d8f1863daf860c9f7e7754fabf,fa1b9839fc245ba195a1e60b742bdb10b40be079,PROCESSED,1,0,2026-09-30T19:05:28
93d424c01fb751a1c24664dabc4706a1714c7ea3,fa1b9839fc245ba195a1e60b742bdb10b40be079,PROCESSED,1,0,2026-09-30T19:05:28
0ce258b8ae51449f6bf16808695ea382a81846a4,fa1b9839fc245ba195a1e60b742bdb10b40be079,PROCESSED,1,0,2026-09-30T19:05:28
320fa86c35989f06fab1013abf28941f09a6387c,fa1b9839fc245ba195a1e60b742bdb10b40be079,PROCESSED,1,0,2026-09-30T19:05:28
f9999cada969aef4832b738ebf4322cfcfe3207e,fa1b9839fc245ba195a1e60b742bdb10b40be079,PROCESSED,1,0,2026-09-30T19:05:28
abc1da26be812ef448282c910740e1efeb8d2a23,fa1b9839fc245ba195a1e60b742bdb10b40be079,PROCESSED,1,0,2026-09-30T19:05:28
a97dcffdee18cfad829bde0f141d404931e36e7e,fa1b9839fc245ba195a1e60b742bdb10b40be079,PROCESSED,1,0,2026-09-30T19:05:28
