SEED_KEY,COMPANY_KEY,COMPANY_NAME,ROOT_DOMAIN,SEED_TYPE,SEED_URL,STATUS,PAGES_NEW,PROCESSED_AT
ed56352210fe5fd2f5172afbea88268cb1cb4bb5,0e565e4cc4d96130c1fa6f5c6758c87567b03b23,Servicio de Alquiler de Computadoras,compumarket.pe,WEB_VALIDATED,https://compumarket.pe/producto/12911-servicio-de-alquiler-de-computadoras-mensual-hp-dell-lenovo-ensambladas.-entrega-inmediata.-servicios-incluidos.,PROCESSED,5,2026-09-30T18:48:21
5f8ebf15559219f02256006c900ec1a17d46299f,0e565e4cc4d96130c1fa6f5c6758c87567b03b23,Servicio de Alquiler de Computadoras,compumarket.pe,HOME,https://compumarket.pe/,PROCESSED,5,2026-09-30T18:48:32
02521b413a8307267608be5359269a4ffc5be3a5,1b2199da3a112cbbc72f16c6d05cd472b4f276d3,PeruLaptops: Alquiler de laptops para empresas y proyectos ...,perulaptops.pe,WEB_VALIDATED,https://perulaptops.pe/,PROCESSED,5,2026-09-30T18:48:35
7ececd8d66ff679c5be42317f5112a53d8e8142b,1399f19561165553d5acfb6f33549048c0381966,¿Qué es el renting tecnológico y cómo puede ayudar a mi ...,bancsabadell.com,WEB_VALIDATED,https://www.bancsabadell.com/bsnacional/es/blog/que-es-el-renting-tecnologico-y-como-puede-ayudar-a-mi-empresa/,PROCESSED,4,2026-09-30T18:59:44
a6b248ec440af204f58283388292d71cec42d394,1399f19561165553d5acfb6f33549048c0381966,¿Qué es el renting tecnológico y cómo puede ayudar a mi ...,bancsabadell.com,HOME,https://www.bancsabadell.com/,PROCESSED,1,2026-09-30T18:59:52
3faf6be7ca664274bcb21d0182997d97c98dffc8,1b2199da3a112cbbc72f16c6d05cd472b4f276d3,PeruLaptops: Alquiler de laptops para empresas y proyectos ...,perulaptops.pe,SEARCH_RESULT,https://perulaptops.pe/leasing-operativo.html,PROCESSED,5,2026-09-30T18:59:55
c2a65ecf27db0686161a1f39eff524c0dd8bcb41,261a037a06348da4f8c02fe62563e0f1cc78fceb,Leasein: La Fintech Peruana Revoluciona el Leasing con ...,blogventurecapital.com,WEB_VALIDATED,https://www.blogventurecapital.com/Leasein-La-Fintech-Peruana-Revoluciona-el-Leasing-con-Tecnologia-y-Sostenibilidad_a574.html,PROCESSED,5,2026-09-30T19:00:00
7849b7b4d00a482a837d136e24dd26c09724f691,261a037a06348da4f8c02fe62563e0f1cc78fceb,Leasein: La Fintech Peruana Revoluciona el Leasing con ...,blogventurecapital.com,HOME,https://www.blogventurecapital.com/,NO_NEW_PAGES,0,2026-09-30T19:00:00
2b72edbc308a80fea727f87eed4f178f34c93c77,34f7f8a53724856d0a6c53f544f9712bad60755c,Alquiler de laptops: GlobalSolutions,globalrentingperu.com,WEB_VALIDATED,https://www.globalrentingperu.com/,PROCESSED,5,2026-09-30T19:00:06
f96c0b8fd7d709b6f01e0159c79bb395453bb8b1,3a747d40d948e34f83bfe278016c97ee9166da33,Leasing Tecnológico,latamtradecapital.com,WEB_VALIDATED,https://www.latamtradecapital.com/peru/leasing-tecnologico.html,PROCESSED,5,2026-09-30T19:00:09
e75de2cda7ce82f60f383f8b361d3d3307a8da14,3a747d40d948e34f83bfe278016c97ee9166da33,Leasing Tecnológico,latamtradecapital.com,HOME,https://www.latamtradecapital.com/,PROCESSED,5,2026-09-30T19:00:13
36fa8d47cc7a61a7566bec99fc5d6bad25e2545f,3d4ac363b8a0aebd9379daae76664ce1325186e1,LEASING OPERATIVO,globals.pe,WEB_VALIDATED,https://globals.pe/leasing-operativo/,PROCESSED,5,2026-09-30T19:00:16
5a1d5124158e18b6c7191fec65f46bb875d93ced,3d4ac363b8a0aebd9379daae76664ce1325186e1,LEASING OPERATIVO,globals.pe,HOME,https://globals.pe/,NO_NEW_PAGES,0,2026-09-30T19:00:16
7088ab9a433fd94cfaf4e2cf39a1191e62a72bb0,409ddeeb094045346512d130a8615d877d59fd9c,Arrendamiento de laptops para empresas en Peru,cervware.com,WEB_VALIDATED,https://cervware.com/arrendamiento-laptops-empresas-peru/,PROCESSED,5,2026-09-30T19:00:19
aa193f9e281e7ec30ba1ae231c30e6f5ff8df528,409ddeeb094045346512d130a8615d877d59fd9c,Arrendamiento de laptops para empresas en Peru,cervware.com,HOME,https://cervware.com/,PROCESSED,5,2026-09-30T19:00:22
fb4b5413f191f1b3c1bb3f700e2f97e34147b746,4c3427773c82de1b335290dc4c6af20c1a033e4d,Qué es el renting tecnológico y sus principales ventajas,camaranavarra.com,WEB_VALIDATED,https://ticnegocios.camaranavarra.com/servicios/tendencias/que-es-el-renting-tecnologico-y-sus-principales-ventajas/,PROCESSED,5,2026-09-30T19:00:32
89ac085afc43a14f78476a8a56b2ebb4481773b7,4c3427773c82de1b335290dc4c6af20c1a033e4d,Qué es el renting tecnológico y sus principales ventajas,camaranavarra.com,HOME,https://ticnegocios.camaranavarra.com/,PROCESSED,5,2026-09-30T19:00:38
c2450693979f9a889dc17b9b0e8463a6bb91460f,544000454f3ee5f4a750578dc4263c9e3674e53c,Alquiler de Laptops Corporativas en Perú,alquilalaptops.com,WEB_VALIDATED,https://alquilalaptops.com/,PROCESSED,5,2026-09-30T19:00:53
c806c2a5f28379206eee50ac543ac4ca25f48c81,6072310c34cb36d2cc36d124c54cb036aca79f06,¿Qué es el renting tecnológico y cómo ayuda a las empresas,k-tuin.com,WEB_VALIDATED,https://www.k-tuin.com/blog/que-es-renting-tecnologico,PROCESSED,5,2026-09-30T19:00:59
2b0fd8f23e2ea705e3f7d51c44a2f9458f222528,6072310c34cb36d2cc36d124c54cb036aca79f06,¿Qué es el renting tecnológico y cómo ayuda a las empresas,k-tuin.com,HOME,https://www.k-tuin.com/,PROCESSED,5,2026-09-30T19:01:05
aa222b18641950ca21b08e189a884c37996aa3f0,64ba78fc4a60759a910d1ad59a66aa1bae0e2e08,FINTEC: Alquiler de laptops y leasing operativo,fintec.com.pe,WEB_VALIDATED,https://www.fintec.com.pe/,PROCESSED,5,2026-09-30T19:01:10
d6ce49e753afa753e5ce679eea5ce0813e57986a,763c91ff0d2c86374243582431afacd264e74485,¿Cuánto cuesta alquilar una laptop en el Perú?,elcomercio.pe,WEB_VALIDATED,https://elcomercio.pe/respuestas/cuanto-cuesta-alquilar-una-laptop-en-el-peru-de-octava-o-novena-generacion-revtli-noticia/,PROCESSED,5,2026-09-30T19:01:17
c8f6760eb8a0d688f63a721ab4b3bcfef8d860ca,763c91ff0d2c86374243582431afacd264e74485,¿Cuánto cuesta alquilar una laptop en el Perú?,elcomercio.pe,HOME,https://elcomercio.pe/,PROCESSED,5,2026-09-30T19:01:24
e5fb2532a60d83a1140f7f053add1410955f2b5b,7c12447b01403a38669e9faea37b0930b022b9c9,Hard Rental: Alquiler de Laptops Corporativo en Lima,hardrental.com,WEB_VALIDATED,https://hardrental.com/,PROCESSED,5,2026-09-30T19:01:28
a529e2b545d85410ce703daf03affeb76bd1d29b,7db98d1db0562a25f7adb469b798938c5515699a,Renting tecnológico para empresas,itdatum.com,WEB_VALIDATED,https://itdatum.com/servicios-tecnologicos-para-empresas/renting-tecnologico/,PROCESSED,5,2026-09-30T19:01:33
589612be08a01e95563ebf93f10065f0e03e2caa,7db98d1db0562a25f7adb469b798938c5515699a,Renting tecnológico para empresas,itdatum.com,HOME,https://itdatum.com/,PROCESSED,5,2026-09-30T19:01:38
29e2d3e5d62199d4456caea081fe6147316d8b74,89740844ddb14ab95034e6d3a1ad108d49620975,Renting,provisionestecnologicas.pe,WEB_VALIDATED,https://www.provisionestecnologicas.pe/renting-renovacion-tecnologica,PROCESSED,5,2026-09-30T19:01:52
0c4678c6eefec6fede580a4e3b93598b38c70c5c,89740844ddb14ab95034e6d3a1ad108d49620975,Renting,provisionestecnologicas.pe,HOME,https://www.provisionestecnologicas.pe/,PROCESSED,5,2026-09-30T19:02:07
879610f8fa9cd9c20774cedd62f969c2695b0005,b54162069ce828544b8e711abb789d7bd82811b1,Leasein: Alquiler de laptops para empresas y proyectos en Perú,leasein.pe,WEB_VALIDATED,https://leasein.pe/,PROCESSED,5,2026-09-30T19:02:12
970503ed03d92beca5b63e6cd53391602472da56,b54162069ce828544b8e711abb789d7bd82811b1,Leasein: Alquiler de laptops para empresas y proyectos en Perú,leasein.pe,SEARCH_RESULT,https://leasein.pe/blog/ventajas-renting-informatico/,PROCESSED,5,2026-09-30T19:02:17
1ed8e5ae03ec4cd608b9d722c70c297495ce358b,b54162069ce828544b8e711abb789d7bd82811b1,Leasein: Alquiler de laptops para empresas y proyectos en Perú,leasein.pe,SEARCH_RESULT,https://leasein.pe/blog/que-es-leasing-operativo-laptops-peru/,PROCESSED,5,2026-09-30T19:02:21
c39bc63cc0eead8dd02ee0f6fd648117038d57b8,b54162069ce828544b8e711abb789d7bd82811b1,Leasein: Alquiler de laptops para empresas y proyectos en Perú,leasein.pe,SEARCH_RESULT,https://leasein.pe/blog/leasing-financiero-beneficios-empresas/,PROCESSED,5,2026-09-30T19:02:26
c2c08bfa99b87ee098eef5f2dcd6a116044b52ea,c4d11b41eaea18a0384e215cab39b5463950d256,Precios de ALQUILER de COMPUTADORAS,empetec.pe,WEB_VALIDATED,https://empetec.pe/precios/alquiler/computadoras,PROCESSED,5,2026-09-30T19:02:29
269f165f9d5de98525fa5dbfcc9161ed2e73c5ea,c4d11b41eaea18a0384e215cab39b5463950d256,Precios de ALQUILER de COMPUTADORAS,empetec.pe,HOME,https://empetec.pe/,PROCESSED,5,2026-09-30T19:02:33
1bb6e4e68b96b45d1cb697f91d7bacefe46e3d2d,d0a63bc0aede25d12e9b610120ec9fa4dc327000,Alquiler de Laptops en Perú,dnpcorp.pe,WEB_VALIDATED,https://tienda.dnpcorp.pe/alquiler-de-laptops-48,PROCESSED,5,2026-09-30T19:02:45
473fd2f34b81319a62abfdcb0bfeaa0a6e9207ac,d0a63bc0aede25d12e9b610120ec9fa4dc327000,Alquiler de Laptops en Perú,dnpcorp.pe,HOME,https://tienda.dnpcorp.pe/,PROCESSED,5,2026-09-30T19:02:50
da339636ff5e4c31e94452eb750422c34bb2c3f0,d81921db9b849eb44e15bfd4c38663966b477269,Somos el líder especialista en alquiler de laptops del Perú ...,leasing.pe,WEB_VALIDATED,https://www.leasing.pe/,PROCESSED,1,2026-09-30T19:02:51
6df220c919a29f39acb212bc22c07ea961aff840,df62e788071e7119645b0b0f2f2acb1b030c7119,Leasein: La fintech peruana que transforma el leasing con ...,startupslatam.com,WEB_VALIDATED,https://startupslatam.com/leasein-la-fintech-peruana-que-transforma-el-leasing-con-tecnologia-y-sostenibilidad/,PROCESSED,5,2026-09-30T19:02:59
31239f7ae65f1cbac6bf7aa62ab4d2ba3ac55079,df62e788071e7119645b0b0f2f2acb1b030c7119,Leasein: La fintech peruana que transforma el leasing con ...,startupslatam.com,HOME,https://startupslatam.com/,NO_NEW_PAGES,0,2026-09-30T19:02:59
642d157859535b20237d2a1ed9fca3a7983ca6e7,e0e798fe798bb3c604140ffb2e89ac5a0258d5e3,Alquiler de Computadores para Empresas,hp.com,WEB_VALIDATED,https://www.hp.com/pe-es/shop/alquiler-tecnologia-hp,PROCESSED,5,2026-09-30T19:03:11
da3374f1f842dbc5ee5051b19974b42aa3ca42ca,e0e798fe798bb3c604140ffb2e89ac5a0258d5e3,Alquiler de Computadores para Empresas,hp.com,HOME,https://www.hp.com/,PROCESSED,5,2026-09-30T19:03:16
a2ef181b981e7204969c8858f064b5782e754f3a,e6b9a7619be457825cecb9732a936b11efb79a8e,alquiler de laptops a medida,systembaseperu.com,WEB_VALIDATED,https://systembaseperu.com/blog/alquiler-de-laptops-a-medida/,PROCESSED,5,2026-09-30T19:03:47
93980531dbd62c7ef4e03e27cb272a7c9c743100,e6b9a7619be457825cecb9732a936b11efb79a8e,alquiler de laptops a medida,systembaseperu.com,HOME,https://systembaseperu.com/,PROCESSED,5,2026-09-30T19:04:17
c8b1050f4d139fe9c1d4cc329569888a2327e218,e6b9a7619be457825cecb9732a936b11efb79a8e,alquiler de laptops a medida,systembaseperu.com,SEARCH_RESULT,https://systembaseperu.com/leasing-de-laptops/,NO_NEW_PAGES,0,2026-09-30T19:04:17
6cf347047b8f6cbe00f68391c97e7b3d5b0c897b,fa1b9839fc245ba195a1e60b742bdb10b40be079,Leasing Operativo de Tecnología para Empresas en Perú,thuntech.pe,WEB_VALIDATED,https://thuntech.pe/leasing-operativo/,PROCESSED,5,2026-09-30T19:04:20
42be22b5aeb8b25d947dbea036543930aac8f71b,fa1b9839fc245ba195a1e60b742bdb10b40be079,Leasing Operativo de Tecnología para Empresas en Perú,thuntech.pe,HOME,https://thuntech.pe/,NO_NEW_PAGES,0,2026-09-30T19:04:20
0894f7f1bcecbff061d42de7583b6de7c446219c,fa1b9839fc245ba195a1e60b742bdb10b40be079,Leasing Operativo de Tecnología para Empresas en Perú,thuntech.pe,SEARCH_RESULT,https://thuntech.pe/renting-tecnologico-peru/,PROCESSED,5,2026-09-30T19:04:58
0ce258b8ae51449f6bf16808695ea382a81846a4,fa1b9839fc245ba195a1e60b742bdb10b40be079,Leasing Operativo de Tecnología para Empresas en Perú,thuntech.pe,SEARCH_RESULT,https://thuntech.pe/alquiler-de-laptops-en-lima/,PROCESSED,5,2026-09-30T19:05:22
