COMPANY_KEY,COMPANY_NAME,ROOT_DOMAIN,SEED_TYPE,SEED_SCORE,SEED_URL
0e565e4cc4d96130c1fa6f5c6758c87567b03b23,Servicio de Alquiler de Computadoras,compumarket.pe,WEB_VALIDATED,999,https://compumarket.pe/producto/12911-servicio-de-alquiler-de-computadoras-mensual-hp-dell-lenovo-ensambladas.-entrega-inmediata.-servicios-incluidos.
0e565e4cc4d96130c1fa6f5c6758c87567b03b23,Servicio de Alquiler de Computadoras,compumarket.pe,HOME,950,https://compumarket.pe/
1399f19561165553d5acfb6f33549048c0381966,¿Qué es el renting tecnológico y cómo puede ayudar a mi ...,bancsabadell.com,WEB_VALIDATED,999,https://www.bancsabadell.com/bsnacional/es/blog/que-es-el-renting-tecnologico-y-como-puede-ayudar-a-mi-empresa/
1399f19561165553d5acfb6f33549048c0381966,¿Qué es el renting tecnológico y cómo puede ayudar a mi ...,bancsabadell.com,HOME,950,https://www.bancsabadell.com/
1b2199da3a112cbbc72f16c6d05cd472b4f276d3,PeruLaptops: Alquiler de laptops para empresas y proyectos ...,perulaptops.pe,WEB_VALIDATED,999,https://perulaptops.pe/
1b2199da3a112cbbc72f16c6d05cd472b4f276d3,PeruLaptops: Alquiler de laptops para empresas y proyectos ...,perulaptops.pe,SEARCH_RESULT,800,https://perulaptops.pe/leasing-operativo.html
261a037a06348da4f8c02fe62563e0f1cc78fceb,Leasein: La Fintech Peruana Revoluciona el Leasing con ...,blogventurecapital.com,WEB_VALIDATED,999,https://www.blogventurecapital.com/Leasein-La-Fintech-Peruana-Revoluciona-el-Leasing-con-Tecnologia-y-Sostenibilidad_a574.html
261a037a06348da4f8c02fe62563e0f1cc78fceb,Leasein: La Fintech Peruana Revoluciona el Leasing con ...,blogventurecapital.com,HOME,950,https://www.blogventurecapital.com/
34f7f8a53724856d0a6c53f544f9712bad60755c,Alquiler de laptops: GlobalSolutions,globalrentingperu.com,WEB_VALIDATED,999,https://www.globalrentingperu.com/
3a747d40d948e34f83bfe278016c97ee9166da33,Leasing Tecnológico,latamtradecapital.com,WEB_VALIDATED,999,https://www.latamtradecapital.com/peru/leasing-tecnologico.html
3a747d40d948e34f83bfe278016c97ee9166da33,Leasing Tecnológico,latamtradecapital.com,HOME,950,https://www.latamtradecapital.com/
3d4ac363b8a0aebd9379daae76664ce1325186e1,LEASING OPERATIVO,globals.pe,WEB_VALIDATED,999,https://globals.pe/leasing-operativo/
3d4ac363b8a0aebd9379daae76664ce1325186e1,LEASING OPERATIVO,globals.pe,HOME,950,https://globals.pe/
409ddeeb094045346512d130a8615d877d59fd9c,Arrendamiento de laptops para empresas en Peru,cervware.com,WEB_VALIDATED,999,https://cervware.com/arrendamiento-laptops-empresas-peru/
409ddeeb094045346512d130a8615d877d59fd9c,Arrendamiento de laptops para empresas en Peru,cervware.com,HOME,950,https://cervware.com/
4c3427773c82de1b335290dc4c6af20c1a033e4d,Qué es el renting tecnológico y sus principales ventajas,camaranavarra.com,WEB_VALIDATED,999,https://ticnegocios.camaranavarra.com/servicios/tendencias/que-es-el-renting-tecnologico-y-sus-principales-ventajas/
4c3427773c82de1b335290dc4c6af20c1a033e4d,Qué es el renting tecnológico y sus principales ventajas,camaranavarra.com,HOME,950,https://ticnegocios.camaranavarra.com/
544000454f3ee5f4a750578dc4263c9e3674e53c,Alquiler de Laptops Corporativas en Perú,alquilalaptops.com,WEB_VALIDATED,999,https://alquilalaptops.com/
6072310c34cb36d2cc36d124c54cb036aca79f06,¿Qué es el renting tecnológico y cómo ayuda a las empresas,k-tuin.com,WEB_VALIDATED,999,https://www.k-tuin.com/blog/que-es-renting-tecnologico
6072310c34cb36d2cc36d124c54cb036aca79f06,¿Qué es el renting tecnológico y cómo ayuda a las empresas,k-tuin.com,HOME,950,https://www.k-tuin.com/
64ba78fc4a60759a910d1ad59a66aa1bae0e2e08,FINTEC: Alquiler de laptops y leasing operativo,fintec.com.pe,WEB_VALIDATED,999,https://www.fintec.com.pe/
763c91ff0d2c86374243582431afacd264e74485,¿Cuánto cuesta alquilar una laptop en el Perú?,elcomercio.pe,WEB_VALIDATED,999,https://elcomercio.pe/respuestas/cuanto-cuesta-alquilar-una-laptop-en-el-peru-de-octava-o-novena-generacion-revtli-noticia/
763c91ff0d2c86374243582431afacd264e74485,¿Cuánto cuesta alquilar una laptop en el Perú?,elcomercio.pe,HOME,950,https://elcomercio.pe/
7c12447b01403a38669e9faea37b0930b022b9c9,Hard Rental: Alquiler de Laptops Corporativo en Lima,hardrental.com,WEB_VALIDATED,999,https://hardrental.com/
7db98d1db0562a25f7adb469b798938c5515699a,Renting tecnológico para empresas,itdatum.com,WEB_VALIDATED,999,https://itdatum.com/servicios-tecnologicos-para-empresas/renting-tecnologico/
7db98d1db0562a25f7adb469b798938c5515699a,Renting tecnológico para empresas,itdatum.com,HOME,950,https://itdatum.com/
89740844ddb14ab95034e6d3a1ad108d49620975,Renting,provisionestecnologicas.pe,WEB_VALIDATED,999,https://www.provisionestecnologicas.pe/renting-renovacion-tecnologica
89740844ddb14ab95034e6d3a1ad108d49620975,Renting,provisionestecnologicas.pe,HOME,950,https://www.provisionestecnologicas.pe/
b54162069ce828544b8e711abb789d7bd82811b1,Leasein: Alquiler de laptops para empresas y proyectos en Perú,leasein.pe,WEB_VALIDATED,999,https://leasein.pe/
b54162069ce828544b8e711abb789d7bd82811b1,Leasein: Alquiler de laptops para empresas y proyectos en Perú,leasein.pe,SEARCH_RESULT,800,https://leasein.pe/blog/ventajas-renting-informatico/
b54162069ce828544b8e711abb789d7bd82811b1,Leasein: Alquiler de laptops para empresas y proyectos en Perú,leasein.pe,SEARCH_RESULT,800,https://leasein.pe/blog/que-es-leasing-operativo-laptops-peru/
b54162069ce828544b8e711abb789d7bd82811b1,Leasein: Alquiler de laptops para empresas y proyectos en Perú,leasein.pe,SEARCH_RESULT,800,https://leasein.pe/blog/leasing-financiero-beneficios-empresas/
c4d11b41eaea18a0384e215cab39b5463950d256,Precios de ALQUILER de COMPUTADORAS,empetec.pe,WEB_VALIDATED,999,https://empetec.pe/precios/alquiler/computadoras
c4d11b41eaea18a0384e215cab39b5463950d256,Precios de ALQUILER de COMPUTADORAS,empetec.pe,HOME,950,https://empetec.pe/
d0a63bc0aede25d12e9b610120ec9fa4dc327000,Alquiler de Laptops en Perú,dnpcorp.pe,WEB_VALIDATED,999,https://tienda.dnpcorp.pe/alquiler-de-laptops-48
d0a63bc0aede25d12e9b610120ec9fa4dc327000,Alquiler de Laptops en Perú,dnpcorp.pe,HOME,950,https://tienda.dnpcorp.pe/
d81921db9b849eb44e15bfd4c38663966b477269,Somos el líder especialista en alquiler de laptops del Perú ...,leasing.pe,WEB_VALIDATED,999,https://www.leasing.pe/
df62e788071e7119645b0b0f2f2acb1b030c7119,Leasein: La fintech peruana que transforma el leasing con ...,startupslatam.com,WEB_VALIDATED,999,https://startupslatam.com/leasein-la-fintech-peruana-que-transforma-el-leasing-con-tecnologia-y-sostenibilidad/
df62e788071e7119645b0b0f2f2acb1b030c7119,Leasein: La fintech peruana que transforma el leasing con ...,startupslatam.com,HOME,950,https://startupslatam.com/
e0e798fe798bb3c604140ffb2e89ac5a0258d5e3,Alquiler de Computadores para Empresas,hp.com,WEB_VALIDATED,999,https://www.hp.com/pe-es/shop/alquiler-tecnologia-hp
e0e798fe798bb3c604140ffb2e89ac5a0258d5e3,Alquiler de Computadores para Empresas,hp.com,HOME,950,https://www.hp.com/
e6b9a7619be457825cecb9732a936b11efb79a8e,alquiler de laptops a medida,systembaseperu.com,WEB_VALIDATED,999,https://systembaseperu.com/blog/alquiler-de-laptops-a-medida/
e6b9a7619be457825cecb9732a936b11efb79a8e,alquiler de laptops a medida,systembaseperu.com,HOME,950,https://systembaseperu.com/
e6b9a7619be457825cecb9732a936b11efb79a8e,alquiler de laptops a medida,systembaseperu.com,SEARCH_RESULT,800,https://systembaseperu.com/leasing-de-laptops/
fa1b9839fc245ba195a1e60b742bdb10b40be079,Leasing Operativo de Tecnología para Empresas en Perú,thuntech.pe,WEB_VALIDATED,999,https://thuntech.pe/leasing-operativo/
fa1b9839fc245ba195a1e60b742bdb10b40be079,Leasing Operativo de Tecnología para Empresas en Perú,thuntech.pe,HOME,950,https://thuntech.pe/
fa1b9839fc245ba195a1e60b742bdb10b40be079,Leasing Operativo de Tecnología para Empresas en Perú,thuntech.pe,SEARCH_RESULT,800,https://thuntech.pe/renting-tecnologico-peru/
fa1b9839fc245ba195a1e60b742bdb10b40be079,Leasing Operativo de Tecnología para Empresas en Perú,thuntech.pe,SEARCH_RESULT,800,https://thuntech.pe/alquiler-de-laptops-en-lima/
