COMPANY_KEY,ESTADO_EMAIL,EMAIL_PRINCIPAL,EMAIL_VENTAS,EMAIL_CONTACTO,EMAIL_COMERCIAL,EMAIL_SOPORTE,EMAIL_LOGISTICA,EMAIL_ADMINISTRACION,EMAIL_GERENCIA,EMAILS_DOMINIO_OFICIAL,EMAILS_PUBLICOS_GENERICOS,EMAILS_EXTERNOS_PUBLICADOS,EMAILS_ROL_INSTITUCIONAL,EMAILS_PERSONALES_PUBLICOS,EMAILS_TODOS,TOTAL_EMAILS,TOTAL_ROL_INSTITUCIONAL,TOTAL_PERSONALES_PUBLICOS,TELEFONOS
0e565e4cc4d96130c1fa6f5c6758c87567b03b23,CON_CORREO_OFICIAL,ventas@compumarket.pe,ventas@compumarket.pe;ventas@compumarket.com,,,,,,,ventas@compumarket.pe,,ventas@compumarket.com,ventas@compumarket.pe;ventas@compumarket.com,,ventas@compumarket.pe;ventas@compumarket.com,2,2,0,924969933;936892681
1399f19561165553d5acfb6f33549048c0381966,SIN_EMAIL,,,,,,,,,,,,,,,0,0,0,
1b2199da3a112cbbc72f16c6d05cd472b4f276d3,CON_CORREO_EXTERNO_PUBLICADO,ventas@dnp.com.pe,ventas@dnp.com.pe,,alquiler@dnp.com.pe,soporte@dnp.com.pe,,,,,,ventas@dnp.com.pe;alquiler@dnp.com.pe;soporte@dnp.com.pe;certificados@dnp.com.pe,ventas@dnp.com.pe;alquiler@dnp.com.pe;soporte@dnp.com.pe,certificados@dnp.com.pe,ventas@dnp.com.pe;alquiler@dnp.com.pe;soporte@dnp.com.pe;certificados@dnp.com.pe,4,3,1,988556701;960497640;4701407
1cef03d0007d6e245888a97920869b8ee62786cb,SIN_EMAIL,,,,,,,,,,,,,,,0,0,0,
261a037a06348da4f8c02fe62563e0f1cc78fceb,SIN_EMAIL,,,,,,,,,,,,,,,0,0,0,
34f7f8a53724856d0a6c53f544f9712bad60755c,CON_CORREO_EXTERNO_PUBLICADO,lgarcia@globals.pe,,,,,,,,,,lgarcia@globals.pe,,lgarcia@globals.pe,lgarcia@globals.pe,1,0,1,4471717
3a747d40d948e34f83bfe278016c97ee9166da33,CON_CORREO_OFICIAL,amoyano@latamtradecapital.com,,,,,,,,amoyano@latamtradecapital.com;canaldedenuncia@latamtradecapital.com,,tucorreo@empresa.com;correo@empresa.com,,amoyano@latamtradecapital.com;canaldedenuncia@latamtradecapital.com;tucorreo@empresa.com;correo@empresa.com,amoyano@latamtradecapital.com;canaldedenuncia@latamtradecapital.com;tucorreo@empresa.com;correo@empresa.com,4,0,4,7437474;1234567;4845810;7662813;900123456
3d4ac363b8a0aebd9379daae76664ce1325186e1,CON_CORREO_OFICIAL,mfelix@globals.pe,,,,,,,,mfelix@globals.pe,,,,mfelix@globals.pe,mfelix@globals.pe,1,0,1,946054391;992729743
409ddeeb094045346512d130a8615d877d59fd9c,CON_CORREO_OFICIAL,ventas@cervware.com,ventas@cervware.com,,,,,,,ventas@cervware.com,,,ventas@cervware.com,,ventas@cervware.com,1,1,0,949778715
4c3427773c82de1b335290dc4c6af20c1a033e4d,CON_CORREO_OFICIAL,informacion@camaranavarra.com,,informacion@camaranavarra.com;informacion@camaranvarra.com,,,,,,informacion@camaranavarra.com,,informacion@camaranvarra.com,informacion@camaranavarra.com;informacion@camaranvarra.com,,informacion@camaranavarra.com;informacion@camaranvarra.com,2,2,0,
5319e01a1baac68da72e174aea5f8e8e1ebf7bc9,SIN_EMAIL,,,,,,,,,,,,,,,0,0,0,
544000454f3ee5f4a750578dc4263c9e3674e53c,CON_CORREO_EXTERNO_PUBLICADO,ejemplo@empresa.com,,,,,,,,,,ejemplo@empresa.com,,ejemplo@empresa.com,ejemplo@empresa.com,1,0,1,
6072310c34cb36d2cc36d124c54cb036aca79f06,CON_CORREO_EXTERNO_PUBLICADO,johndoe@domain.com,,,,,,,,,,johndoe@domain.com;juanperez@dominio.com;sweetalert2@8-hshs86l9o.js,,johndoe@domain.com;juanperez@dominio.com;sweetalert2@8-hshs86l9o.js,johndoe@domain.com;juanperez@dominio.com;sweetalert2@8-hshs86l9o.js,3,0,3,876507948
64ba78fc4a60759a910d1ad59a66aa1bae0e2e08,CON_CORREO_OFICIAL,ventas@fintec.com.pe,ventas@fintec.com.pe,,,,,,,ventas@fintec.com.pe,,,ventas@fintec.com.pe,,ventas@fintec.com.pe,1,1,0,017598759;7598759
763c91ff0d2c86374243582431afacd264e74485,CON_CORREO_OFICIAL,contacto@elcomercio.pe,,contacto@elcomercio.pe,,,,,,contacto@elcomercio.pe,josepsia28@gmail.com,buenas.practicas@comercio.com.pe;enrique.falen@comercio.com.pe;fabrizio.monge@comercio.com.pe;fiorella.gil@comercio.com.pe;gino.alva@comercio.com.pe;melissa.rodriguez@comercio.com.pe;paola.villar@comercio.com.pe;ronie.bautista@comercio.com.pe;santos.yupanqui@comercio.com.pe;guillermo.vera@comercio.com.pe;christian.silva@comercio.com.pe;maritza.saenz@comercio.com.pe,contacto@elcomercio.pe,buenas.practicas@comercio.com.pe;enrique.falen@comercio.com.pe;fabrizio.monge@comercio.com.pe;fiorella.gil@comercio.com.pe;gino.alva@comercio.com.pe;melissa.rodriguez@comercio.com.pe;paola.villar@comercio.com.pe;ronie.bautista@comercio.com.pe;santos.yupanqui@comercio.com.pe;guillermo.vera@comercio.com.pe;christian.silva@comercio.com.pe;maritza.saenz@comercio.com.pe;josepsia28@gmail.com,contacto@elcomercio.pe;buenas.practicas@comercio.com.pe;enrique.falen@comercio.com.pe;fabrizio.monge@comercio.com.pe;fiorella.gil@comercio.com.pe;gino.alva@comercio.com.pe;melissa.rodriguez@comercio.com.pe;paola.villar@comercio.com.pe;ronie.bautista@comercio.com.pe;santos.yupanqui@comercio.com.pe;guillermo.vera@comercio.com.pe;christian.silva@comercio.com.pe;maritza.saenz@comercio.com.pe;josepsia28@gmail.com,14,1,13,
7c12447b01403a38669e9faea37b0930b022b9c9,CON_CORREO_OFICIAL,alquiler@hardrental.com,,,alquiler@hardrental.com,,,,,alquiler@hardrental.com,,,alquiler@hardrental.com,,alquiler@hardrental.com,1,1,0,934772852
7db98d1db0562a25f7adb469b798938c5515699a,CON_CORREO_OFICIAL,ventas@itdatum.com,ventas@itdatum.com,,,,,,,ventas@itdatum.com,,,ventas@itdatum.com,,ventas@itdatum.com,1,1,0,4800644
89740844ddb14ab95034e6d3a1ad108d49620975,SIN_EMAIL,,,,,,,,,,,,,,,0,0,0,
b54162069ce828544b8e711abb789d7bd82811b1,CON_CORREO_OFICIAL,comercial@leasein.pe,,,comercial@leasein.pe,,,,,comercial@leasein.pe;conversemos@leasein.pe;fabiola.silvera@leasein.pe;josselyn.cochachin@leasein.pe,,ejemplo@correocorporativo.com,comercial@leasein.pe,conversemos@leasein.pe;fabiola.silvera@leasein.pe;josselyn.cochachin@leasein.pe;ejemplo@correocorporativo.com,comercial@leasein.pe;conversemos@leasein.pe;fabiola.silvera@leasein.pe;josselyn.cochachin@leasein.pe;ejemplo@correocorporativo.com,5,1,4,0232020;0132020
c4d11b41eaea18a0384e215cab39b5463950d256,CON_CORREO_EXTERNO_PUBLICADO,ventas@empetec.com,ventas@empetec.com,,,,,,,,,ventas@empetec.com;jose@tuempresa.com,ventas@empetec.com,jose@tuempresa.com,ventas@empetec.com;jose@tuempresa.com,2,1,1,2315729;959790548
d0a63bc0aede25d12e9b610120ec9fa4dc327000,CON_CORREO_EXTERNO_PUBLICADO,alquiler@dnp.com.pe,,,alquiler@dnp.com.pe,,,,,,,alquiler@dnp.com.pe;proyectos@datanetworkperu.com,alquiler@dnp.com.pe,proyectos@datanetworkperu.com,alquiler@dnp.com.pe;proyectos@datanetworkperu.com,2,1,1,
d1f6640035aec67523e309483c73e0aaa9ee6caf,SIN_EMAIL,,,,,,,,,,,,,,,0,0,0,
d81921db9b849eb44e15bfd4c38663966b477269,CON_CORREO_EXTERNO_PUBLICADO,ventas@dnp.com.pe,ventas@dnp.com.pe,,,,,,,,,ventas@dnp.com.pe,ventas@dnp.com.pe,,ventas@dnp.com.pe,1,1,0,4701407
df62e788071e7119645b0b0f2f2acb1b030c7119,SIN_EMAIL,,,,,,,,,,,,,,,0,0,0,
e0e798fe798bb3c604140ffb2e89ac5a0258d5e3,SIN_EMAIL,,,,,,,,,,,,,,,0,0,0,017016908;080080472;7016908;7071481
e6b9a7619be457825cecb9732a936b11efb79a8e,CON_CORREO_OFICIAL,info@systembaseperu.com,,info@systembaseperu.com;informes@itcloud.pe,,,,,,info@systembaseperu.com,,informes@itcloud.pe;tucorreo@dominiocorportivo.com;acornejo@itcloud.pe;apuga@itcloud.pe;cmedina@itcloud.pe;dchacayan@itcloud.pe;jlopez@itcloud.pe;mreyes@itcloud.pe;narce@itcloud.pe;pesquivel@itcloud.pe,info@systembaseperu.com;informes@itcloud.pe,tucorreo@dominiocorportivo.com;acornejo@itcloud.pe;apuga@itcloud.pe;cmedina@itcloud.pe;dchacayan@itcloud.pe;jlopez@itcloud.pe;mreyes@itcloud.pe;narce@itcloud.pe;pesquivel@itcloud.pe,info@systembaseperu.com;informes@itcloud.pe;tucorreo@dominiocorportivo.com;acornejo@itcloud.pe;apuga@itcloud.pe;cmedina@itcloud.pe;dchacayan@itcloud.pe;jlopez@itcloud.pe;mreyes@itcloud.pe;narce@itcloud.pe;pesquivel@itcloud.pe,11,2,9,017197400;7197400
fa1b9839fc245ba195a1e60b742bdb10b40be079,CON_CORREO_EXTERNO_PUBLICADO,comercial@thuntech.net,,,comercial@thuntech.net,,,,,,,comercial@thuntech.net,comercial@thuntech.net,,comercial@thuntech.net,1,1,0,
