PHONE_KEY,COMPANY_KEY,COMPANY_NAME,ROOT_DOMAIN,PHONE,PAGE_KEY,PAGE_URL,FOUND_AT
364d08408d464527d6612bc39ca16d9bef8c81f8,0e565e4cc4d96130c1fa6f5c6758c87567b03b23,Servicio de Alquiler de Computadoras,compumarket.pe,924969933,ed56352210fe5fd2f5172afbea88268cb1cb4bb5,https://compumarket.pe/producto/12911-servicio-de-alquiler-de-computadoras-mensual-hp-dell-lenovo-ensambladas.-entrega-inmediata.-servicios-incluidos.,2026-09-30T18:51:37
99795f7691b092601e2426201cb9672cd610d04b,0e565e4cc4d96130c1fa6f5c6758c87567b03b23,Servicio de Alquiler de Computadoras,compumarket.pe,936892681,ed56352210fe5fd2f5172afbea88268cb1cb4bb5,https://compumarket.pe/producto/12911-servicio-de-alquiler-de-computadoras-mensual-hp-dell-lenovo-ensambladas.-entrega-inmediata.-servicios-incluidos.,2026-09-30T18:51:37
11374abae1ec7787ada2654b50e0d52462521f85,1b2199da3a112cbbc72f16c6d05cd472b4f276d3,PeruLaptops: Alquiler de laptops para empresas y proyectos ...,perulaptops.pe,988556701,02521b413a8307267608be5359269a4ffc5be3a5,https://perulaptops.pe/,2026-09-30T18:51:37
029ddbde683b81371c623f2b0a1e9ff4ef63c7ac,1b2199da3a112cbbc72f16c6d05cd472b4f276d3,PeruLaptops: Alquiler de laptops para empresas y proyectos ...,perulaptops.pe,960497640,d347b6a91c8cf914f02450c59971ad851b8cb387,https://perulaptops.pe/leasing-operativo,2026-09-30T18:51:37
d6b77f1ff4b523bdbe1ffc8ba3c9637c22a8faa8,1b2199da3a112cbbc72f16c6d05cd472b4f276d3,PeruLaptops: Alquiler de laptops para empresas y proyectos ...,perulaptops.pe,4701407,d57e1800205d792b0266cf9522eb1b2f146dc6cc,https://perulaptops.pe/alquiler-de-computadoras,2026-09-30T18:51:38
c6efb28cc92aea74cdf3119180743ac5933279a6,34f7f8a53724856d0a6c53f544f9712bad60755c,Alquiler de laptops: GlobalSolutions,globalrentingperu.com,4471717,6f8c48a7b70323276599a22452d33506437f8c83,https://www.globalrentingperu.com/nosotros,2026-09-30T19:05:23
e932274479980ba95672ac9e692771af2313bbe7,3a747d40d948e34f83bfe278016c97ee9166da33,Leasing Tecnológico,latamtradecapital.com,7437474,f96c0b8fd7d709b6f01e0159c79bb395453bb8b1,https://www.latamtradecapital.com/peru/leasing-tecnologico.html,2026-09-30T19:05:23
19da21907fd9975336e2bbfc5b4f5a4a6c38adfb,3a747d40d948e34f83bfe278016c97ee9166da33,Leasing Tecnológico,latamtradecapital.com,1234567,5f2c9b6287bf303b24a489cf18c8110f34c65f0e,https://www.latamtradecapital.com/colombia/,2026-09-30T19:05:24
d8bd4bdcc0f41a497e5ce5db7796f9ca58770d32,3a747d40d948e34f83bfe278016c97ee9166da33,Leasing Tecnológico,latamtradecapital.com,4845810,5f2c9b6287bf303b24a489cf18c8110f34c65f0e,https://www.latamtradecapital.com/colombia/,2026-09-30T19:05:24
d5973bced8abdd95f04c15614c21ec7dc8f167b0,3a747d40d948e34f83bfe278016c97ee9166da33,Leasing Tecnológico,latamtradecapital.com,7662813,5f2c9b6287bf303b24a489cf18c8110f34c65f0e,https://www.latamtradecapital.com/colombia/,2026-09-30T19:05:24
c91bd2141c547eab0530ead6e0e4509d331c1dc2,3a747d40d948e34f83bfe278016c97ee9166da33,Leasing Tecnológico,latamtradecapital.com,900123456,5f2c9b6287bf303b24a489cf18c8110f34c65f0e,https://www.latamtradecapital.com/colombia/,2026-09-30T19:05:24
f058a0861cb7d3294eed353b3659592c5c64c8df,3d4ac363b8a0aebd9379daae76664ce1325186e1,LEASING OPERATIVO,globals.pe,946054391,36fa8d47cc7a61a7566bec99fc5d6bad25e2545f,https://globals.pe/leasing-operativo/,2026-09-30T19:05:24
f565064bbeeb37189d37738b5028a802617f0f0a,3d4ac363b8a0aebd9379daae76664ce1325186e1,LEASING OPERATIVO,globals.pe,992729743,36fa8d47cc7a61a7566bec99fc5d6bad25e2545f,https://globals.pe/leasing-operativo/,2026-09-30T19:05:24
2deb32c994401d9c24917f3e823e0b426d29a20f,409ddeeb094045346512d130a8615d877d59fd9c,Arrendamiento de laptops para empresas en Peru,cervware.com,949778715,7088ab9a433fd94cfaf4e2cf39a1191e62a72bb0,https://cervware.com/arrendamiento-laptops-empresas-peru/,2026-09-30T19:05:24
ac16c224518088645687683b7c6d1eec915aaeb6,6072310c34cb36d2cc36d124c54cb036aca79f06,¿Qué es el renting tecnológico y cómo ayuda a las empresas,k-tuin.com,876507948,c806c2a5f28379206eee50ac543ac4ca25f48c81,https://www.k-tuin.com/blog/que-es-renting-tecnologico,2026-09-30T19:05:24
9dfd9f58097d3a3e44ad0a8d94e5d1aa96fa8cc7,64ba78fc4a60759a910d1ad59a66aa1bae0e2e08,FINTEC: Alquiler de laptops y leasing operativo,fintec.com.pe,017598759,aa222b18641950ca21b08e189a884c37996aa3f0,https://www.fintec.com.pe/,2026-09-30T19:05:24
60e8a4586d3239feeaaec856eea527497c2037d6,64ba78fc4a60759a910d1ad59a66aa1bae0e2e08,FINTEC: Alquiler de laptops y leasing operativo,fintec.com.pe,7598759,aa222b18641950ca21b08e189a884c37996aa3f0,https://www.fintec.com.pe/,2026-09-30T19:05:24
ba46fd065fd0c9e49d9d1a2ce504182812f0af8f,7c12447b01403a38669e9faea37b0930b022b9c9,Hard Rental: Alquiler de Laptops Corporativo en Lima,hardrental.com,934772852,e5fb2532a60d83a1140f7f053add1410955f2b5b,https://hardrental.com/,2026-09-30T19:05:25
4c6eff038bbc7a90b8a0219b3d97b69632217352,7db98d1db0562a25f7adb469b798938c5515699a,Renting tecnológico para empresas,itdatum.com,4800644,a529e2b545d85410ce703daf03affeb76bd1d29b,https://itdatum.com/servicios-tecnologicos-para-empresas/renting-tecnologico/,2026-09-30T19:05:25
f901ece8bafa054c999bcfb4dc524aa45783e0aa,b54162069ce828544b8e711abb789d7bd82811b1,Leasein: Alquiler de laptops para empresas y proyectos en Perú,leasein.pe,0232020,c39bc63cc0eead8dd02ee0f6fd648117038d57b8,https://leasein.pe/blog/leasing-financiero-beneficios-empresas/,2026-09-30T19:05:26
8f4313ec3a0fbaf89fb9114b7e4a3342e1b99b1b,b54162069ce828544b8e711abb789d7bd82811b1,Leasein: Alquiler de laptops para empresas y proyectos en Perú,leasein.pe,0132020,7b904df5cc95435f94e619fac2da22bba0071e7a,https://leasein.pe/blog/nuevo-leasing-financiero-capital/,2026-09-30T19:05:26
2ca1747822e8b8b445674a58ef9a22ffb31381a4,c4d11b41eaea18a0384e215cab39b5463950d256,Precios de ALQUILER de COMPUTADORAS,empetec.pe,2315729,6b537fd1dad1b358d8c17a699bc9200c7a4bf981,https://empetec.pe/comunicate-con-nosotros,2026-09-30T19:05:27
cedc1d6c884dbc4d5ef73e1d3004f456d5d791d8,c4d11b41eaea18a0384e215cab39b5463950d256,Precios de ALQUILER de COMPUTADORAS,empetec.pe,959790548,6b537fd1dad1b358d8c17a699bc9200c7a4bf981,https://empetec.pe/comunicate-con-nosotros,2026-09-30T19:05:27
7d7a44e6cb57b680ca279424fed83db91e03c16d,d81921db9b849eb44e15bfd4c38663966b477269,Somos el líder especialista en alquiler de laptops del Perú ...,leasing.pe,4701407,da339636ff5e4c31e94452eb750422c34bb2c3f0,https://www.leasing.pe/,2026-09-30T19:05:27
4c53d9ac113263df7007f33d169c6db07fc320ee,e0e798fe798bb3c604140ffb2e89ac5a0258d5e3,Alquiler de Computadores para Empresas,hp.com,017016908,642d157859535b20237d2a1ed9fca3a7983ca6e7,https://www.hp.com/pe-es/shop/alquiler-tecnologia-hp,2026-09-30T19:05:27
c6f573cb4932909a09b2f3e94842a10accd7d538,e0e798fe798bb3c604140ffb2e89ac5a0258d5e3,Alquiler de Computadores para Empresas,hp.com,080080472,642d157859535b20237d2a1ed9fca3a7983ca6e7,https://www.hp.com/pe-es/shop/alquiler-tecnologia-hp,2026-09-30T19:05:27
f8417428565d0bdbc3a55dbe8886f30e9806ab00,e0e798fe798bb3c604140ffb2e89ac5a0258d5e3,Alquiler de Computadores para Empresas,hp.com,7016908,642d157859535b20237d2a1ed9fca3a7983ca6e7,https://www.hp.com/pe-es/shop/alquiler-tecnologia-hp,2026-09-30T19:05:27
34a6f26548ac2e2bc19749dacdbdd8ef23178db2,e0e798fe798bb3c604140ffb2e89ac5a0258d5e3,Alquiler de Computadores para Empresas,hp.com,7071481,642d157859535b20237d2a1ed9fca3a7983ca6e7,https://www.hp.com/pe-es/shop/alquiler-tecnologia-hp,2026-09-30T19:05:27
4c41b672cc63c9e08d4fb3e9362647313474ec7d,e6b9a7619be457825cecb9732a936b11efb79a8e,alquiler de laptops a medida,systembaseperu.com,017197400,a2ef181b981e7204969c8858f064b5782e754f3a,https://systembaseperu.com/blog/alquiler-de-laptops-a-medida/,2026-09-30T19:05:28
3b68e2606277043018adb0df8c82dfd5a023f910,e6b9a7619be457825cecb9732a936b11efb79a8e,alquiler de laptops a medida,systembaseperu.com,7197400,a2ef181b981e7204969c8858f064b5782e754f3a,https://systembaseperu.com/blog/alquiler-de-laptops-a-medida/,2026-09-30T19:05:28
