BASE_QUERY_KEY,QUERY_KEY,NICHE_ID,NICHE_NAME,QUERY_TYPE,QUERY,PROVIDER,PROVIDER_ATTEMPT,STATUS,POSITION,TITLE,LINK,SNIPPET,DISPLAYED_LINK,ERROR,SEARCHED_AT
3442367bc308789067ca4ab0623a3876aa5d958f,7cf3daffdb5848ef703a7c84cf383271718ac01f,leasing_laptops,Leasing y alquiler de laptops,DISCOVERY,alquiler de laptops empresas Perú,serper,1,OK,1,PeruLaptops: Alquiler de laptops para empresas y proyectos ...,https://perulaptops.pe/,"Alquiler de laptops para empresas y proyectos, Contamos con laptops de alto rendimiento I5, I7 Laptops HP, Lenovo, dell servicio de entrega y soporte ...",,,2026-09-30T18:40:31
3442367bc308789067ca4ab0623a3876aa5d958f,7cf3daffdb5848ef703a7c84cf383271718ac01f,leasing_laptops,Leasing y alquiler de laptops,DISCOVERY,alquiler de laptops empresas Perú,serper,1,OK,2,Hard Rental: Alquiler de Laptops Corporativo en Lima,https://hardrental.com/,Alquiler de laptops y equipo de cómputo empresarial. Evita grandes inversiones en comprar equipos y mejora tu capacidad operativa.,,,2026-09-30T18:40:31
3442367bc308789067ca4ab0623a3876aa5d958f,7cf3daffdb5848ef703a7c84cf383271718ac01f,leasing_laptops,Leasing y alquiler de laptops,DISCOVERY,alquiler de laptops empresas Perú,serper,1,OK,3,Leasein: Alquiler de laptops para empresas y proyectos en Perú,https://leasein.pe/,"Alquiler de laptops para empresas y proyectos. Elige entre HP, Lenovo, Dell y Apple. Con soporte técnico y servicio de entrega en tus oficinas.",,,2026-09-30T18:40:31
3442367bc308789067ca4ab0623a3876aa5d958f,7cf3daffdb5848ef703a7c84cf383271718ac01f,leasing_laptops,Leasing y alquiler de laptops,DISCOVERY,alquiler de laptops empresas Perú,serper,1,OK,4,Alquiler de Computadores para Empresas,https://www.hp.com/pe-es/shop/alquiler-tecnologia-hp,"El arrendamiento tecnológico de HP permite a las empresas acceder a equipos nuevos y de alto rendimiento mediante el pago de una cuota mensual, sin necesidad de ...",,,2026-09-30T18:40:31
3442367bc308789067ca4ab0623a3876aa5d958f,7cf3daffdb5848ef703a7c84cf383271718ac01f,leasing_laptops,Leasing y alquiler de laptops,DISCOVERY,alquiler de laptops empresas Perú,serper,1,OK,5,"Alquiler de laptops en Lima: precios, opciones y cómo ...",https://thuntech.pe/alquiler-de-laptops-en-lima/,"En el caso de Thuntech, el servicio está orientado a empresas y contempla entrega inmediata en Lima Metropolitana, soporte técnico y equipos ...",,,2026-09-30T18:40:31
3442367bc308789067ca4ab0623a3876aa5d958f,7cf3daffdb5848ef703a7c84cf383271718ac01f,leasing_laptops,Leasing y alquiler de laptops,DISCOVERY,alquiler de laptops empresas Perú,serper,1,OK,6,alquiler de laptops a medida,https://systembaseperu.com/blog/alquiler-de-laptops-a-medida/,Brindamos plazos de alquiler desde 1 día hasta 12 meses para empresas que necesitan equipos por proyectos temporales como: Aumento de personal; Eventos / Ferías ...,,,2026-09-30T18:40:31
3442367bc308789067ca4ab0623a3876aa5d958f,7cf3daffdb5848ef703a7c84cf383271718ac01f,leasing_laptops,Leasing y alquiler de laptops,DISCOVERY,alquiler de laptops empresas Perú,serper,1,OK,7,Alquiler de laptops: GlobalSolutions,https://www.globalrentingperu.com/,"En GlobalSolutions nos dedicamos al alquiler de laptops y otros equipos tecnológicos. También brindamos otros servicios como la venta de laptops, monitores, ...",,,2026-09-30T18:40:31
3442367bc308789067ca4ab0623a3876aa5d958f,7cf3daffdb5848ef703a7c84cf383271718ac01f,leasing_laptops,Leasing y alquiler de laptops,DISCOVERY,alquiler de laptops empresas Perú,serper,1,OK,8,"Perú Laptops, alquiler de laptops (@perulaptops) · Lima",https://www.instagram.com/perulaptops/,"Somos líderes en alquiler de Laptops, PCs, Impresoras y Proyectores en Lima, Perú. #LeasingOperativo #SoporteTécnico.",,,2026-09-30T18:40:31
3442367bc308789067ca4ab0623a3876aa5d958f,7cf3daffdb5848ef703a7c84cf383271718ac01f,leasing_laptops,Leasing y alquiler de laptops,DISCOVERY,alquiler de laptops empresas Perú,serper,1,OK,9,Servicio de Alquiler de Computadoras - Mensual - Hp - Dell,https://compumarket.pe/producto/12911-servicio-de-alquiler-de-computadoras-mensual-hp-dell-lenovo-ensambladas.-entrega-inmediata.-servicios-incluidos.?srsltid=AU7gw4VrxFh8lPp4DovhbgJLldVWIeHIOGY5pFauEpCvW2TXxNBTyIof,"Alquiler de Computadoras o Laptops con mucha rapidez para empresas y proyectos. Podemos alquilar por dias, semanas o meses. Contamos con equipos de ultima ...",,,2026-09-30T18:40:31
3442367bc308789067ca4ab0623a3876aa5d958f,7cf3daffdb5848ef703a7c84cf383271718ac01f,leasing_laptops,Leasing y alquiler de laptops,DISCOVERY,alquiler de laptops empresas Perú,serper,1,OK,10,Alquiler de Laptops Corporativas en Perú,https://alquilalaptops.com/,"Alquila laptops para tu empresa y proyectos en Perú desde 1 día. El alquiler incluye soporte técnico y envío a oficinas. ... *Las laptops incluyen: mochila, mouse ...",,,2026-09-30T18:40:31
b43e367e2aa2dc8bfbf7f1f32050de8f17d78921,8452395c0aa79a44b9257cdf892a2682433d0dad,leasing_laptops,Leasing y alquiler de laptops,DISCOVERY,leasing de laptops Perú,serper,1,OK,1,Somos el líder especialista en alquiler de laptops del Perú ...,https://www.leasing.pe/,"El leasing operativo permite mantener a su empresa activa tecnológicamente, mejorando sus operaciones. Nuestro servicio incluye soporte y cambio de equipos, en ...",,,2026-09-30T18:40:32
b43e367e2aa2dc8bfbf7f1f32050de8f17d78921,8452395c0aa79a44b9257cdf892a2682433d0dad,leasing_laptops,Leasing y alquiler de laptops,DISCOVERY,leasing de laptops Perú,serper,1,OK,2,Leasein: Alquiler de laptops para empresas y proyectos en Perú,https://leasein.pe/,"Alquiler de laptops para empresas y proyectos. Elige entre HP, Lenovo, Dell y Apple. Con soporte técnico y servicio de entrega en tus oficinas.",,,2026-09-30T18:40:32
b43e367e2aa2dc8bfbf7f1f32050de8f17d78921,8452395c0aa79a44b9257cdf892a2682433d0dad,leasing_laptops,Leasing y alquiler de laptops,DISCOVERY,leasing de laptops Perú,serper,1,OK,3,PeruLaptops: Alquiler de laptops para empresas y proyectos ...,https://perulaptops.pe/,"Nuestro servicio de alquiler de laptops y computadoras de gama alta es ideal para proyectos que impliquen modelado 3D, renderización y arquitectura. Perú ...",,,2026-09-30T18:40:32
b43e367e2aa2dc8bfbf7f1f32050de8f17d78921,8452395c0aa79a44b9257cdf892a2682433d0dad,leasing_laptops,Leasing y alquiler de laptops,DISCOVERY,leasing de laptops Perú,serper,1,OK,4,LEASING OPERATIVO,https://globals.pe/leasing-operativo/,"Nuestro leasing operativo incluye computadoras, portátiles, servidores, redes, proyectores, impresoras y periféricos en todo el Perú. Nos adecuamos a los ...",,,2026-09-30T18:40:32
b43e367e2aa2dc8bfbf7f1f32050de8f17d78921,8452395c0aa79a44b9257cdf892a2682433d0dad,leasing_laptops,Leasing y alquiler de laptops,DISCOVERY,leasing de laptops Perú,serper,1,OK,5,FINTEC: Alquiler de laptops y leasing operativo,https://www.fintec.com.pe/,Alquiler de Laptops y Leasing Operativo: Soluciones Flexibles para tu Negocio. Ofrecemos ventajas tecnológicas para todas las empresas.,,,2026-09-30T18:40:32
b43e367e2aa2dc8bfbf7f1f32050de8f17d78921,8452395c0aa79a44b9257cdf892a2682433d0dad,leasing_laptops,Leasing y alquiler de laptops,DISCOVERY,leasing de laptops Perú,serper,1,OK,6,Leasing Operativo de Tecnología para Empresas en Perú,https://thuntech.pe/leasing-operativo/,"Es una modalidad de arrendamiento en la que una empresa adquiere el uso de equipos tecnológicos tales como laptops, computadoras, servidores entre otros, ...",,,2026-09-30T18:40:32
b43e367e2aa2dc8bfbf7f1f32050de8f17d78921,8452395c0aa79a44b9257cdf892a2682433d0dad,leasing_laptops,Leasing y alquiler de laptops,DISCOVERY,leasing de laptops Perú,serper,1,OK,7,Leasing de Laptops,https://systembaseperu.com/leasing-de-laptops/,"¿Qué restricciones hay para poder acceder a un contrato de arrendamiento? El monto mínimo del contrato es de US$10,000 + IGV, considerando la suma de todos los ...",,,2026-09-30T18:40:32
b43e367e2aa2dc8bfbf7f1f32050de8f17d78921,8452395c0aa79a44b9257cdf892a2682433d0dad,leasing_laptops,Leasing y alquiler de laptops,DISCOVERY,leasing de laptops Perú,serper,1,OK,8,Hard Rental: Alquiler de Laptops Corporativo en Lima,https://hardrental.com/,"Servicio profesional de alquiler de laptops, PC, tablets, impresoras y proyectores para empresas. Incluye soporte técnico, mantenimiento y equipos de backup.",,,2026-09-30T18:40:32
b43e367e2aa2dc8bfbf7f1f32050de8f17d78921,8452395c0aa79a44b9257cdf892a2682433d0dad,leasing_laptops,Leasing y alquiler de laptops,DISCOVERY,leasing de laptops Perú,serper,1,OK,9,"Perú Laptops, alquiler de laptops (@perulaptops) · Lima",https://www.instagram.com/perulaptops/,"Somos líderes en alquiler de Laptops, PCs, Impresoras y Proyectores en Lima, Perú. #LeasingOperativo #SoporteTécnico · Alquila computadoras especializadas para ...",,,2026-09-30T18:40:32
b43e367e2aa2dc8bfbf7f1f32050de8f17d78921,8452395c0aa79a44b9257cdf892a2682433d0dad,leasing_laptops,Leasing y alquiler de laptops,DISCOVERY,leasing de laptops Perú,serper,1,OK,10,¿Qué es el leasing operativo de laptops?,https://leasein.pe/blog/que-es-leasing-operativo-laptops-peru/,"Muchas empresas están migrando su parque informático hacia el leasing operativo con contratos de 24, 36 o 48 meses. Esta decisión responde a la ...",,,2026-09-30T18:40:32
5f7041320bbb2628c70b83d6f89d71d144da0655,6d5408a1288ba99d7f61b4ec67af9ecb228b0c11,leasing_laptops,Leasing y alquiler de laptops,DISCOVERY,renting de laptops Perú,serper,1,OK,1,PeruLaptops: Alquiler de laptops para empresas y proyectos ...,https://perulaptops.pe/,"Alquiler de laptops para empresas y proyectos, Contamos con laptops de alto rendimiento I5, I7 Laptops HP, Lenovo, dell servicio de entrega y soporte ...",,,2026-09-30T18:58:42
5f7041320bbb2628c70b83d6f89d71d144da0655,6d5408a1288ba99d7f61b4ec67af9ecb228b0c11,leasing_laptops,Leasing y alquiler de laptops,DISCOVERY,renting de laptops Perú,serper,1,OK,2,Leasein: Alquiler de laptops para empresas y proyectos en Perú,https://leasein.pe/,"Alquiler de laptops para empresas y proyectos. Elige entre HP, Lenovo, Dell y Apple. Con soporte técnico y servicio de entrega en tus oficinas.",,,2026-09-30T18:58:42
5f7041320bbb2628c70b83d6f89d71d144da0655,6d5408a1288ba99d7f61b4ec67af9ecb228b0c11,leasing_laptops,Leasing y alquiler de laptops,DISCOVERY,renting de laptops Perú,serper,1,OK,3,Hard Rental: Alquiler de Laptops Corporativo en Lima,https://hardrental.com/,"Servicio profesional de alquiler de laptops, PC, tablets, impresoras y proyectores para empresas. Incluye soporte técnico, mantenimiento y equipos de backup.",,,2026-09-30T18:58:42
5f7041320bbb2628c70b83d6f89d71d144da0655,6d5408a1288ba99d7f61b4ec67af9ecb228b0c11,leasing_laptops,Leasing y alquiler de laptops,DISCOVERY,renting de laptops Perú,serper,1,OK,4,Alquiler de laptops: GlobalSolutions,https://www.globalrentingperu.com/,"En GlobalSolutions nos dedicamos al alquiler de laptops y otros equipos tecnológicos. También brindamos otros servicios como la venta de laptops, monitores, ...",,,2026-09-30T18:58:42
5f7041320bbb2628c70b83d6f89d71d144da0655,6d5408a1288ba99d7f61b4ec67af9ecb228b0c11,leasing_laptops,Leasing y alquiler de laptops,DISCOVERY,renting de laptops Perú,serper,1,OK,5,"Alquiler de laptops en Lima: precios, opciones y cómo ...",https://thuntech.pe/alquiler-de-laptops-en-lima/,Laptops básicas para oficina: desde S/100 al mes. · Laptops intermedias Core i5 / 8GB RAM: entre S/120 y S/200 al mes. · Laptops avanzadas Core i7 ...,,,2026-09-30T18:58:42
5f7041320bbb2628c70b83d6f89d71d144da0655,6d5408a1288ba99d7f61b4ec67af9ecb228b0c11,leasing_laptops,Leasing y alquiler de laptops,DISCOVERY,renting de laptops Perú,serper,1,OK,6,Alquiler de Computadores para Empresas,https://www.hp.com/pe-es/shop/alquiler-tecnologia-hp,"El arrendamiento tecnológico de HP permite a las empresas acceder a equipos nuevos y de alto rendimiento mediante el pago de una cuota mensual, sin necesidad de ...",,,2026-09-30T18:58:42
5f7041320bbb2628c70b83d6f89d71d144da0655,6d5408a1288ba99d7f61b4ec67af9ecb228b0c11,leasing_laptops,Leasing y alquiler de laptops,DISCOVERY,renting de laptops Perú,serper,1,OK,7,"Perú Laptops, alquiler de laptops (@perulaptops) · Lima",https://www.instagram.com/perulaptops/,"Somos líderes en alquiler de Laptops, PCs, Impresoras y Proyectores en Lima, Perú. #LeasingOperativo #SoporteTécnico · Alquila computadoras especializadas para ...",,,2026-09-30T18:58:42
5f7041320bbb2628c70b83d6f89d71d144da0655,6d5408a1288ba99d7f61b4ec67af9ecb228b0c11,leasing_laptops,Leasing y alquiler de laptops,DISCOVERY,renting de laptops Perú,serper,1,OK,8,alquiler de laptops a medida,https://systembaseperu.com/blog/alquiler-de-laptops-a-medida/,Alquila laptops por proyectos cortos. Brindamos plazos de alquiler desde 1 día hasta 12 meses para empresas que necesitan equipos por proyectos temporales como:.,,,2026-09-30T18:58:42
5f7041320bbb2628c70b83d6f89d71d144da0655,6d5408a1288ba99d7f61b4ec67af9ecb228b0c11,leasing_laptops,Leasing y alquiler de laptops,DISCOVERY,renting de laptops Perú,serper,1,OK,9,Alquiler de Laptops en Perú - DNP CORP,https://tienda.dnpcorp.pe/alquiler-de-laptops-48,Alquila laptops mensuales en Perú para tu empresa. Flexibilidad y rendimiento garantizados. ¡Contáctanos y potencia tu productividad!,,,2026-09-30T18:58:42
5f7041320bbb2628c70b83d6f89d71d144da0655,6d5408a1288ba99d7f61b4ec67af9ecb228b0c11,leasing_laptops,Leasing y alquiler de laptops,DISCOVERY,renting de laptops Perú,serper,1,OK,10,¿Cuánto cuesta alquilar una laptop en el Perú?,https://elcomercio.pe/respuestas/cuanto-cuesta-alquilar-una-laptop-en-el-peru-de-octava-o-novena-generacion-revtli-noticia/,El precio promedio mensual para laptops de octava y novena generación es de 60 dólares más IGV por equipo. La laptop más barata puede costar ...,,,2026-09-30T18:58:42
2d4f80d068713e79b272cdf3e6f9a04ea2a1f672,ec2f22830ecb662aeeb683333303a53382116b61,leasing_laptops,Leasing y alquiler de laptops,DISCOVERY,arrendamiento de laptops Perú,serper,1,OK,1,loops - C# Multiplication Table - Stack Overflow,https://stackoverflow.com/questions/11303374/c-sharp-multiplication-table,"So I'm attempting to print a multiplication table in C# however I can't quite figure out how to get what I need. So far my program outputs the following: 1 2 3 2 4 6 3 6 9 However, I need it to ...",,,2026-09-30T18:58:45
2d4f80d068713e79b272cdf3e6f9a04ea2a1f672,ec2f22830ecb662aeeb683333303a53382116b61,leasing_laptops,Leasing y alquiler de laptops,DISCOVERY,arrendamiento de laptops Perú,serper,1,OK,2,shell script for multiplication table - Stack Overflow,https://stackoverflow.com/questions/5381032/shell-script-for-multiplication-table,"shell script for multiplication table Ask Question Asked 15 years, 6 months ago Modified 5 years, 3 months ago",,,2026-09-30T18:58:45
2d4f80d068713e79b272cdf3e6f9a04ea2a1f672,ec2f22830ecb662aeeb683333303a53382116b61,leasing_laptops,Leasing y alquiler de laptops,DISCOVERY,arrendamiento de laptops Perú,serper,1,OK,3,Error in R: nonconformable arguments. Not true? - Stack Overflow,https://stackoverflow.com/questions/33237043/error-in-r-nonconformable-arguments-not-true,"I stumbled upon a similar problem today (""non-conformable arguments"" error, even though everything seemed OK), and solution in my case was in basic rules for matrix-multiplication: i.e. number of columns of the left matrix must be the same as the number of rows of the right matrix = I had to switch order in multiplication equation.",,,2026-09-30T18:58:45
2d4f80d068713e79b272cdf3e6f9a04ea2a1f672,ec2f22830ecb662aeeb683333303a53382116b61,leasing_laptops,Leasing y alquiler de laptops,DISCOVERY,arrendamiento de laptops Perú,serper,1,OK,4,loops - Multiplication Table in JavaScript - Stack Overflow,https://stackoverflow.com/questions/41465569/multiplication-table-in-javascript,"Multiplication Table in JavaScript Ask Question Asked 9 years, 8 months ago Modified 3 years, 10 months ago",,,2026-09-30T18:58:45
2d4f80d068713e79b272cdf3e6f9a04ea2a1f672,ec2f22830ecb662aeeb683333303a53382116b61,leasing_laptops,Leasing y alquiler de laptops,DISCOVERY,arrendamiento de laptops Perú,serper,1,OK,5,Printing a multiplication table with nested loops?,https://stackoverflow.com/questions/50900055/printing-a-multiplication-table-with-nested-loops,I'm having a really hard time trying to figure out this exercise. Print the 2-dimensional list mult_table by row and column. Hint: Use nested loops. Sample output for the given program: 1 | 2 | 3...,,,2026-09-30T18:58:45
2d4f80d068713e79b272cdf3e6f9a04ea2a1f672,ec2f22830ecb662aeeb683333303a53382116b61,leasing_laptops,Leasing y alquiler de laptops,DISCOVERY,arrendamiento de laptops Perú,serper,1,OK,6,Properly formatted multiplication table - Stack Overflow,https://stackoverflow.com/questions/20415384/properly-formatted-multiplication-table,"How would I make a multiplication table that's organized into a neat table? My current code is: n=int(input('Please enter a positive integer between 1 and 15: ')) for row in range(1,n+1): for ...",,,2026-09-30T18:58:45
2d4f80d068713e79b272cdf3e6f9a04ea2a1f672,ec2f22830ecb662aeeb683333303a53382116b61,leasing_laptops,Leasing y alquiler de laptops,DISCOVERY,arrendamiento de laptops Perú,serper,1,OK,7,How do I use while loops to create a multiplication table?,https://stackoverflow.com/questions/51187314/how-do-i-use-while-loops-to-create-a-multiplication-table,"How do I use while loops to create a multiplication table? Ask Question Asked 8 years, 2 months ago Modified 4 years, 8 months ago",,,2026-09-30T18:58:45
2d4f80d068713e79b272cdf3e6f9a04ea2a1f672,ec2f22830ecb662aeeb683333303a53382116b61,leasing_laptops,Leasing y alquiler de laptops,DISCOVERY,arrendamiento de laptops Perú,serper,1,OK,8,function prints out a multiplication table - Stack Overflow,https://stackoverflow.com/questions/59904530/function-prints-out-a-multiplication-table,"Should print the multiplication table shown below Question This function prints out a multiplication table (where each number is the result of multiplying the first number of its row by the number at the top of its column). Fill in the blanks so that calling multiplication_table (1, 3) will print out:",,,2026-09-30T18:58:45
2d4f80d068713e79b272cdf3e6f9a04ea2a1f672,ec2f22830ecb662aeeb683333303a53382116b61,leasing_laptops,Leasing y alquiler de laptops,DISCOVERY,arrendamiento de laptops Perú,serper,1,OK,9,How to print multiplication table using nested for loops,https://stackoverflow.com/questions/37717127/how-to-print-multiplication-table-using-nested-for-loops,"How to print multiplication table using nested for loops Ask Question Asked 10 years, 3 months ago Modified 6 years, 7 months ago",,,2026-09-30T18:58:45
2d4f80d068713e79b272cdf3e6f9a04ea2a1f672,ec2f22830ecb662aeeb683333303a53382116b61,leasing_laptops,Leasing y alquiler de laptops,DISCOVERY,arrendamiento de laptops Perú,serper,1,OK,10,Multiplication table using recursion without loops - Stack...,https://stackoverflow.com/questions/23714600/multiplication-table-using-recursion-without-loops,I've received an assignment to write a recursive function that receives two integersd from the user: x and y and prints out the multiplication table up to the number x*y. the prototyping of the fu...,,,2026-09-30T18:58:45
ee7bbbd7e1a5f247c84dc52e89518669367927d1,7e53789436c2c55b904ad9f48ad9a17b9395785f,leasing_laptops,Leasing y alquiler de laptops,DISCOVERY,alquiler de computadoras empresas Perú,serper,1,OK,1,PeruLaptops: Alquiler de laptops para empresas y proyectos ...,https://perulaptops.pe/,"Somos Perú Laptops, una empresa líder en alquiler de laptops, computadoras, impresoras y proyectores en Lima, Perú. Disponemos de los últimos modelos de equipos",,,2026-09-30T18:58:49
ee7bbbd7e1a5f247c84dc52e89518669367927d1,7e53789436c2c55b904ad9f48ad9a17b9395785f,leasing_laptops,Leasing y alquiler de laptops,DISCOVERY,alquiler de computadoras empresas Perú,serper,1,OK,2,Alquiler de Computadores para Empresas,https://www.hp.com/pe-es/shop/alquiler-tecnologia-hp,Renta equipos de computo HP® de última generación para tu empresa en la Tienda HP® Perú. 01 701 6908 0800 804 72 Chat Offline,,,2026-09-30T18:58:49
ee7bbbd7e1a5f247c84dc52e89518669367927d1,7e53789436c2c55b904ad9f48ad9a17b9395785f,leasing_laptops,Leasing y alquiler de laptops,DISCOVERY,alquiler de computadoras empresas Perú,serper,1,OK,3,Hard Rental: Alquiler de Laptops Corporativo en Lima,https://hardrental.com/,"Servicio profesional de alquiler de laptops, PC, tablets, impresoras y proyectores para empresas. Incluye soporte técnico, mantenimiento y equipos de backup.",,,2026-09-30T18:58:49
ee7bbbd7e1a5f247c84dc52e89518669367927d1,7e53789436c2c55b904ad9f48ad9a17b9395785f,leasing_laptops,Leasing y alquiler de laptops,DISCOVERY,alquiler de computadoras empresas Perú,serper,1,OK,4,Leasein: Alquiler de laptops para empresas y proyectos en Perú,https://leasein.pe/,"Alquiler de laptops para empresas y proyectos. Elige entre HP, Lenovo, Dell y Apple. Con soporte técnico y servicio de entrega en tus oficinas.",,,2026-09-30T18:58:49
ee7bbbd7e1a5f247c84dc52e89518669367927d1,7e53789436c2c55b904ad9f48ad9a17b9395785f,leasing_laptops,Leasing y alquiler de laptops,DISCOVERY,alquiler de computadoras empresas Perú,serper,1,OK,5,"Alquiler de laptops en Lima: precios, opciones y cómo ...",https://thuntech.pe/alquiler-de-laptops-en-lima/,Precios referenciales de alquiler de laptops · Laptops básicas para oficina: desde S/100 al mes. · Laptops intermedias Core i5 / 8GB RAM: entre S/ ...,,,2026-09-30T18:58:49
ee7bbbd7e1a5f247c84dc52e89518669367927d1,7e53789436c2c55b904ad9f48ad9a17b9395785f,leasing_laptops,Leasing y alquiler de laptops,DISCOVERY,alquiler de computadoras empresas Perú,serper,1,OK,6,alquiler de laptops a medida,https://systembaseperu.com/blog/alquiler-de-laptops-a-medida/,Brindamos plazos de alquiler desde 1 día hasta 12 meses para empresas que necesitan equipos por proyectos temporales como: Aumento de personal; Eventos / Ferías ...,,,2026-09-30T18:58:49
ee7bbbd7e1a5f247c84dc52e89518669367927d1,7e53789436c2c55b904ad9f48ad9a17b9395785f,leasing_laptops,Leasing y alquiler de laptops,DISCOVERY,alquiler de computadoras empresas Perú,serper,1,OK,7,Alquiler de laptops: GlobalSolutions,https://www.globalrentingperu.com/,"En GlobalSolutions nos dedicamos al alquiler de laptops y otros equipos tecnológicos. También brindamos otros servicios como la venta de laptops, monitores, ...",,,2026-09-30T18:58:49
ee7bbbd7e1a5f247c84dc52e89518669367927d1,7e53789436c2c55b904ad9f48ad9a17b9395785f,leasing_laptops,Leasing y alquiler de laptops,DISCOVERY,alquiler de computadoras empresas Perú,serper,1,OK,8,"Perú Laptops, alquiler de laptops (@perulaptops) · Lima",https://www.instagram.com/perulaptops/,"Somos líderes en alquiler de Laptops, PCs, Impresoras y Proyectores en Lima, Perú. alquiler@dnp.com.pe 📲: 988556701 🌐 : https://perulaptops.pe/",,,2026-09-30T18:58:49
ee7bbbd7e1a5f247c84dc52e89518669367927d1,7e53789436c2c55b904ad9f48ad9a17b9395785f,leasing_laptops,Leasing y alquiler de laptops,DISCOVERY,alquiler de computadoras empresas Perú,serper,1,OK,9,Servicio de Alquiler de Computadoras - Mensual - Hp - Dell,https://compumarket.pe/producto/12911-servicio-de-alquiler-de-computadoras-mensual-hp-dell-lenovo-ensambladas.-entrega-inmediata.-servicios-incluidos.?srsltid=AU7gw4UswvaikPmi1-R1RXVBX_dp8q1-CfSx3y_c1Z9_1kBGyWtszhVb,"Alquiler de Computadoras o Laptops con mucha rapidez para empresas y proyectos. Podemos alquilar por dias, semanas o meses. Contamos con equipos de ultima ...",,,2026-09-30T18:58:49
60a999e9153f0b862cc71bf4fc4e5175fa02f083,fd5d39971a270a658cdf211bd3591e04beb18664,leasing_laptops,Leasing y alquiler de laptops,DISCOVERY,alquiler de equipos de cómputo Perú,serper,1,OK,1,Servicio de Alquiler de Computadoras - Mensual - Hp - Dell,https://compumarket.pe/producto/12911-servicio-de-alquiler-de-computadoras-mensual-hp-dell-lenovo-ensambladas.-entrega-inmediata.-servicios-incluidos.?srsltid=AU7gw4X4azcKsuuvlRZPUdTCgFMfxbe5_EsX8hxyeZZEAssLMjJKkfkD,"Alquiler de Computadoras o Laptops con mucha rapidez para empresas y proyectos. Podemos alquilar por dias, semanas o meses. Contamos con equipos de ultima ...",,,2026-09-30T18:58:55
60a999e9153f0b862cc71bf4fc4e5175fa02f083,fd5d39971a270a658cdf211bd3591e04beb18664,leasing_laptops,Leasing y alquiler de laptops,DISCOVERY,alquiler de equipos de cómputo Perú,serper,1,OK,2,PeruLaptops: Alquiler de laptops para empresas y proyectos ...,https://perulaptops.pe/,"Alquiler de laptops para empresas y proyectos, Contamos con laptops de alto rendimiento I5, I7 Laptops HP, Lenovo, dell servicio de entrega y soporte ...",,,2026-09-30T18:58:55
60a999e9153f0b862cc71bf4fc4e5175fa02f083,fd5d39971a270a658cdf211bd3591e04beb18664,leasing_laptops,Leasing y alquiler de laptops,DISCOVERY,alquiler de equipos de cómputo Perú,serper,1,OK,3,Precios de ALQUILER de COMPUTADORAS,https://empetec.pe/precios/alquiler/computadoras,Alquiler de PCs BÁSICAS. Te será ideal para · Básica 01 ; Alquiler de PCs de GAMA MEDIA. Te será ideal para · Gama Media 01 ; Alquiler de PCs de GAMA ALTA. Te será ...,,,2026-09-30T18:58:55
60a999e9153f0b862cc71bf4fc4e5175fa02f083,fd5d39971a270a658cdf211bd3591e04beb18664,leasing_laptops,Leasing y alquiler de laptops,DISCOVERY,alquiler de equipos de cómputo Perú,serper,1,OK,4,Leasein: Alquiler de laptops para empresas y proyectos en Perú,https://leasein.pe/,"Alquiler de laptops para empresas y proyectos. Elige entre HP, Lenovo, Dell y Apple. Con soporte técnico y servicio de entrega en tus oficinas.",,,2026-09-30T18:58:55
60a999e9153f0b862cc71bf4fc4e5175fa02f083,fd5d39971a270a658cdf211bd3591e04beb18664,leasing_laptops,Leasing y alquiler de laptops,DISCOVERY,alquiler de equipos de cómputo Perú,serper,1,OK,5,alquiler de laptops a medida,https://systembaseperu.com/blog/alquiler-de-laptops-a-medida/,Brindamos plazos de alquiler desde 1 día hasta 12 meses para empresas que necesitan equipos por proyectos temporales como: Aumento de personal; Eventos / Ferías ...,,,2026-09-30T18:58:55
60a999e9153f0b862cc71bf4fc4e5175fa02f083,fd5d39971a270a658cdf211bd3591e04beb18664,leasing_laptops,Leasing y alquiler de laptops,DISCOVERY,alquiler de equipos de cómputo Perú,serper,1,OK,6,Alquiler de Computadores para Empresas,https://www.hp.com/pe-es/shop/alquiler-tecnologia-hp,"El arrendamiento tecnológico de HP permite a las empresas acceder a equipos nuevos y de alto rendimiento mediante el pago de una cuota mensual, sin necesidad de ...",,,2026-09-30T18:58:55
60a999e9153f0b862cc71bf4fc4e5175fa02f083,fd5d39971a270a658cdf211bd3591e04beb18664,leasing_laptops,Leasing y alquiler de laptops,DISCOVERY,alquiler de equipos de cómputo Perú,serper,1,OK,7,"Alquiler de laptops en Lima: precios, opciones y cómo ...",https://thuntech.pe/alquiler-de-laptops-en-lima/,"Equipos modernos y configurados. El alquiler permite acceder a laptops actualizadas, configuradas y listas para trabajar, evitando problemas de ...",,,2026-09-30T18:58:55
60a999e9153f0b862cc71bf4fc4e5175fa02f083,fd5d39971a270a658cdf211bd3591e04beb18664,leasing_laptops,Leasing y alquiler de laptops,DISCOVERY,alquiler de equipos de cómputo Perú,serper,1,OK,8,Alquiler de laptops: GlobalSolutions,https://www.globalrentingperu.com/,"En GlobalSolutions nos dedicamos al alquiler de laptops y otros equipos tecnológicos. También brindamos otros servicios como la venta de laptops, monitores, ...",,,2026-09-30T18:58:55
60a999e9153f0b862cc71bf4fc4e5175fa02f083,fd5d39971a270a658cdf211bd3591e04beb18664,leasing_laptops,Leasing y alquiler de laptops,DISCOVERY,alquiler de equipos de cómputo Perú,serper,1,OK,9,"Perú Laptops, alquiler de laptops (@perulaptops) · Lima",https://www.instagram.com/perulaptops/,"Somos líderes en alquiler de Laptops, PCs, Impresoras y Proyectores en Lima, Perú. #LeasingOperativo #SoporteTécnico · Implementa tecnología según tus ...",,,2026-09-30T18:58:55
60a999e9153f0b862cc71bf4fc4e5175fa02f083,fd5d39971a270a658cdf211bd3591e04beb18664,leasing_laptops,Leasing y alquiler de laptops,DISCOVERY,alquiler de equipos de cómputo Perú,serper,1,OK,10,Hard Rental: Alquiler de Laptops Corporativo en Lima,https://hardrental.com/,"Servicio profesional de alquiler de laptops, PC, tablets, impresoras y proyectores para empresas. Incluye soporte técnico, mantenimiento y equipos de backup.",,,2026-09-30T18:58:55
b410f54d16692193fd1ce0df1a5d13095723d5b5,493243888b3e0b00fa1f9886e13f630829d76050,leasing_laptops,Leasing y alquiler de laptops,DISCOVERY,leasing tecnológico Perú,serper,1,OK,1,Leasing Operativo de Tecnología para Empresas en Perú,https://thuntech.pe/leasing-operativo/,"El leasing operativo tecnológico está diseñado para empresas que tienen más de 3 años en el mercado y que presentan estados financieros estables, se pueden ...",,,2026-09-30T18:58:56
b410f54d16692193fd1ce0df1a5d13095723d5b5,493243888b3e0b00fa1f9886e13f630829d76050,leasing_laptops,Leasing y alquiler de laptops,DISCOVERY,leasing tecnológico Perú,serper,1,OK,2,Somos el líder especialista en alquiler de laptops del Perú ...,https://www.leasing.pe/,"Peru Laptops ofrece una amplia línea de activos tecnológicos bajo la modalidad de leasing operativo. Con nosotros, usted podrá adquirir: laptops, computadoras, ...",,,2026-09-30T18:58:56
b410f54d16692193fd1ce0df1a5d13095723d5b5,493243888b3e0b00fa1f9886e13f630829d76050,leasing_laptops,Leasing y alquiler de laptops,DISCOVERY,leasing tecnológico Perú,serper,1,OK,3,🧐 ¿Qué hay detrás de la evolución del leasing tecnológico ...,https://www.facebook.com/ynnovadoresperu/videos/-qu%C3%A9-hay-detr%C3%A1s-de-la-evoluci%C3%B3n-del-leasing-tecnol%C3%B3gico-en-per%C3%BA-este-mi%C3%A9rcoles-c/1372505664018844/,"Este miércoles, Carlo Mario Dioses, fundador de Leasein Alquiler de Laptops nos cuenta cómo esta rentaltech peruana impulsa el acceso a ...",,,2026-09-30T18:58:56
b410f54d16692193fd1ce0df1a5d13095723d5b5,493243888b3e0b00fa1f9886e13f630829d76050,leasing_laptops,Leasing y alquiler de laptops,DISCOVERY,leasing tecnológico Perú,serper,1,OK,4,Leasing Tecnológico Corporativo,https://www.telsis.com.pe/leasing,"Leasing Tecnológico para impulsar el crecimiento de tu empresa. Renueva, amplía o moderniza tu infraestructura tecnológica sin afectar tu flujo de caja.",,,2026-09-30T18:58:56
b410f54d16692193fd1ce0df1a5d13095723d5b5,493243888b3e0b00fa1f9886e13f630829d76050,leasing_laptops,Leasing y alquiler de laptops,DISCOVERY,leasing tecnológico Perú,serper,1,OK,5,Leasing Operativo 🥇 y Arrendamiento Operativo,https://perulaptops.pe/leasing-operativo.html,"Es un servicio por el cual se alquila o se arrienda bienes o activos corrientes, como equipos tecnológicos. El leasing operativo implica que exista una ...",,,2026-09-30T18:58:56
b410f54d16692193fd1ce0df1a5d13095723d5b5,493243888b3e0b00fa1f9886e13f630829d76050,leasing_laptops,Leasing y alquiler de laptops,DISCOVERY,leasing tecnológico Perú,serper,1,OK,6,Leasing Tecnológico - Características,https://www.latamtradecapital.com/peru/leasing-tecnologico.html,"Permite a las empresas renovar, acceder y operar tecnología (hardware, software e intangibles) sin necesidad de utilizar capital propio, a través de un ...",,,2026-09-30T18:58:56
b410f54d16692193fd1ce0df1a5d13095723d5b5,493243888b3e0b00fa1f9886e13f630829d76050,leasing_laptops,Leasing y alquiler de laptops,DISCOVERY,leasing tecnológico Perú,serper,1,OK,7,Leasein: La fintech peruana que transforma el leasing con ...,https://startupslatam.com/leasein-la-fintech-peruana-que-transforma-el-leasing-con-tecnologia-y-sostenibilidad/,"«Es un canal para el financiamiento de laptops a través de leasing operativo, leasing financiero y leaseback (recompra de laptops recién ...",,,2026-09-30T18:58:56
b410f54d16692193fd1ce0df1a5d13095723d5b5,493243888b3e0b00fa1f9886e13f630829d76050,leasing_laptops,Leasing y alquiler de laptops,DISCOVERY,leasing tecnológico Perú,serper,1,OK,8,"Según el Diario Gestión , el #leasing administra miles de ...",https://www.facebook.com/leaseinlaptops/videos/seg%C3%BAn-el-diario-gesti%C3%B3n-el-leasing-administra-miles-de-millones-en-per%C3%BA-pero-muc/869328759516921/,El #renting es la herramienta definitiva para asegurar la renovación tecnológica constante sin sacrificar tu liquidez ni endeudarte de ...,,,2026-09-30T18:58:56
b410f54d16692193fd1ce0df1a5d13095723d5b5,493243888b3e0b00fa1f9886e13f630829d76050,leasing_laptops,Leasing y alquiler de laptops,DISCOVERY,leasing tecnológico Perú,serper,1,OK,9,¿Qué es el leasing financiero y qué beneficios tiene?,https://leasein.pe/blog/leasing-financiero-beneficios-empresas/,"En Perú, esto significa que las empresas pueden reducir su base imponible y, por lo tanto, pagar menos impuestos durante el año, siempre y ...",,,2026-09-30T18:58:56
b410f54d16692193fd1ce0df1a5d13095723d5b5,493243888b3e0b00fa1f9886e13f630829d76050,leasing_laptops,Leasing y alquiler de laptops,DISCOVERY,leasing tecnológico Perú,serper,1,OK,10,Leasein: La Fintech Peruana Revoluciona el Leasing con ...,https://www.blogventurecapital.com/Leasein-La-Fintech-Peruana-Revoluciona-el-Leasing-con-Tecnologia-y-Sostenibilidad_a574.html,Leasein está utilizando tecnología avanzada para simplificar el proceso de leasing. Su plataforma digital permite a las empresas acceder fácilmente a opciones ...,,,2026-09-30T18:58:56
9a65e810305e9f6bdb53848c9770948838997d5b,39546672dc59020d10c9cc1fa9a7897684443a22,leasing_laptops,Leasing y alquiler de laptops,DISCOVERY,renting tecnológico Perú,serper,1,OK,1,Renting tecnológico en Perú: beneficios para empresas ...,https://thuntech.pe/renting-tecnologico-peru/,El renting tecnológico es un modelo mediante el cual una empresa utiliza equipos tecnológicos durante un periodo determinado a cambio de una ...,,,2026-09-30T18:58:58
9a65e810305e9f6bdb53848c9770948838997d5b,39546672dc59020d10c9cc1fa9a7897684443a22,leasing_laptops,Leasing y alquiler de laptops,DISCOVERY,renting tecnológico Perú,serper,1,OK,2,Renting | Provisiones Tecnologicas | Perú,https://www.provisionestecnologicas.pe/renting-renovacion-tecnologica,"Contamos con la mejores marcas para tus requerimientos de alquiler, equipamiento, renovación tecnológica de equipos y proyectos de TI en general.",,,2026-09-30T18:58:58
9a65e810305e9f6bdb53848c9770948838997d5b,39546672dc59020d10c9cc1fa9a7897684443a22,leasing_laptops,Leasing y alquiler de laptops,DISCOVERY,renting tecnológico Perú,serper,1,OK,3,Renting tecnológico para empresas,https://itdatum.com/servicios-tecnologicos-para-empresas/renting-tecnologico/,Beneficios del Renting Tecnológico con IT DATUM SAC: · 1. Reducción de Costos y Optimización Financiera · 2. Acceso a Equipos y Software de Última Generación · 3.,,,2026-09-30T18:58:58
9a65e810305e9f6bdb53848c9770948838997d5b,39546672dc59020d10c9cc1fa9a7897684443a22,leasing_laptops,Leasing y alquiler de laptops,DISCOVERY,renting tecnológico Perú,serper,1,OK,4,"Renting informático: ¿qué es, ventajas y cuando conviene?",https://leasein.pe/blog/ventajas-renting-informatico/,"El renting informático permite acceder a equipos tecnológicos modernos sin comprar. Descubre sus ventajas, beneficios fiscales y cuándo ...",,,2026-09-30T18:58:58
9a65e810305e9f6bdb53848c9770948838997d5b,39546672dc59020d10c9cc1fa9a7897684443a22,leasing_laptops,Leasing y alquiler de laptops,DISCOVERY,renting tecnológico Perú,serper,1,OK,5,¿Qué es el renting tecnológico y cómo ayuda a las empresas,https://www.k-tuin.com/blog/que-es-renting-tecnologico,"El renting tecnológico es un modelo que permite a las empresas utilizar ordenadores, tablets, móviles y otros dispositivos mediante una cuota ...",,,2026-09-30T18:58:58
9a65e810305e9f6bdb53848c9770948838997d5b,39546672dc59020d10c9cc1fa9a7897684443a22,leasing_laptops,Leasing y alquiler de laptops,DISCOVERY,renting tecnológico Perú,serper,1,OK,6,Qué es el renting tecnológico y sus principales ventajas,https://ticnegocios.camaranavarra.com/servicios/tendencias/que-es-el-renting-tecnologico-y-sus-principales-ventajas/,"De allí que el renting tecnológico es la práctica que consiste en alquilar equipos tecnológicos, a través del pago de una cuota establecida por un plazo ...",,,2026-09-30T18:58:58
9a65e810305e9f6bdb53848c9770948838997d5b,39546672dc59020d10c9cc1fa9a7897684443a22,leasing_laptops,Leasing y alquiler de laptops,DISCOVERY,renting tecnológico Perú,serper,1,OK,7,¿Qué es el renting de tecnología?,https://es.linkedin.com/pulse/qu%C3%A9-es-el-renting-de-tecnolog%C3%ADa-compurent-sas,"El renting de tecnología es un servicio de alquiler de equipos informáticos a mediano o largo plazo, donde las empresas pueden acceder a ...",,,2026-09-30T18:58:58
9a65e810305e9f6bdb53848c9770948838997d5b,39546672dc59020d10c9cc1fa9a7897684443a22,leasing_laptops,Leasing y alquiler de laptops,DISCOVERY,renting tecnológico Perú,serper,1,OK,8,Somos el líder especialista en alquiler de laptops del Perú ...,https://www.leasing.pe/,"Peru Laptops ofrece una amplia línea de activos tecnológicos bajo la modalidad de leasing operativo. Con nosotros, usted podrá adquirir: laptops, computadoras, ...",,,2026-09-30T18:58:58
9a65e810305e9f6bdb53848c9770948838997d5b,39546672dc59020d10c9cc1fa9a7897684443a22,leasing_laptops,Leasing y alquiler de laptops,DISCOVERY,renting tecnológico Perú,serper,1,OK,9,¿Qué es el renting tecnológico y cómo puede ayudar a mi ...,https://www.bancsabadell.com/bsnacional/es/blog/que-es-el-renting-tecnologico-y-como-puede-ayudar-a-mi-empresa/,Es un tipo de arrendamiento que permite a todo tipo de empresas y a los autónomos disponer de equipos tecnológicos de última generación —como ...,,,2026-09-30T18:58:58
9a65e810305e9f6bdb53848c9770948838997d5b,39546672dc59020d10c9cc1fa9a7897684443a22,leasing_laptops,Leasing y alquiler de laptops,DISCOVERY,renting tecnológico Perú,serper,1,OK,10,Leasing Operativo de Tecnología para Empresas en Perú,https://thuntech.pe/leasing-operativo/,"Es una modalidad de arrendamiento en la que una empresa adquiere el uso de equipos tecnológicos tales como laptops, computadoras, servidores entre otros, por un ...",,,2026-09-30T18:58:58
eb856d8dc58a01c8352179c598405918deb59d2f,d2dd4bebe96a0c5d5eb7988b00b326d655150a76,leasing_laptops,Leasing y alquiler de laptops,DISCOVERY,alquiler de notebooks empresas Lima,serper,1,OK,1,PeruLaptops: Alquiler de laptops para empresas y proyectos ...,https://perulaptops.pe/,"Alquiler de laptops para empresas y proyectos, Contamos con laptops de alto rendimiento I5, I7 Laptops HP, Lenovo, dell servicio de entrega y soporte ...",,,2026-09-30T18:59:01
eb856d8dc58a01c8352179c598405918deb59d2f,d2dd4bebe96a0c5d5eb7988b00b326d655150a76,leasing_laptops,Leasing y alquiler de laptops,DISCOVERY,alquiler de notebooks empresas Lima,serper,1,OK,2,Hard Rental: Alquiler de Laptops Corporativo en Lima,https://hardrental.com/,"Servicio profesional de alquiler de laptops, PC, tablets, impresoras y proyectores para empresas. Incluye soporte técnico, mantenimiento y equipos de backup.",,,2026-09-30T18:59:01
eb856d8dc58a01c8352179c598405918deb59d2f,d2dd4bebe96a0c5d5eb7988b00b326d655150a76,leasing_laptops,Leasing y alquiler de laptops,DISCOVERY,alquiler de notebooks empresas Lima,serper,1,OK,3,Servicio de Alquiler de Computadoras - Mensual - Hp - Dell,https://compumarket.pe/producto/12911-servicio-de-alquiler-de-computadoras-mensual-hp-dell-lenovo-ensambladas.-entrega-inmediata.-servicios-incluidos.?srsltid=AU7gw4X4GC6xZV4XlrD2j7BriIsbDH-sCoC7UIt-4FnmwJ3oPBxvXIwg,"Alquiler de Computadoras o Laptops con mucha rapidez para empresas y proyectos. Podemos alquilar por dias, semanas o meses. Contamos con equipos de ultima ...",,,2026-09-30T18:59:01
eb856d8dc58a01c8352179c598405918deb59d2f,d2dd4bebe96a0c5d5eb7988b00b326d655150a76,leasing_laptops,Leasing y alquiler de laptops,DISCOVERY,alquiler de notebooks empresas Lima,serper,1,OK,4,"Alquiler de laptops en Lima: precios, opciones y cómo ...",https://thuntech.pe/alquiler-de-laptops-en-lima/,Laptops básicas para oficina: desde S/100 al mes. · Laptops intermedias Core i5 / 8GB RAM: entre S/120 y S/200 al mes. · Laptops avanzadas Core i7 ...,,,2026-09-30T18:59:01
eb856d8dc58a01c8352179c598405918deb59d2f,d2dd4bebe96a0c5d5eb7988b00b326d655150a76,leasing_laptops,Leasing y alquiler de laptops,DISCOVERY,alquiler de notebooks empresas Lima,serper,1,OK,5,"Perú Laptops, alquiler de laptops (@perulaptops) · Lima",https://www.instagram.com/perulaptops/,"Somos líderes en alquiler de Laptops, PCs, Impresoras y Proyectores en Lima, Perú. ... Alquiler de laptops para empresas. Consulta aquí: WhatsApp: https ...",,,2026-09-30T18:59:01
eb856d8dc58a01c8352179c598405918deb59d2f,d2dd4bebe96a0c5d5eb7988b00b326d655150a76,leasing_laptops,Leasing y alquiler de laptops,DISCOVERY,alquiler de notebooks empresas Lima,serper,1,OK,6,alquiler de laptops a medida,https://systembaseperu.com/blog/alquiler-de-laptops-a-medida/,Brindamos plazos de alquiler desde 1 día hasta 12 meses para empresas que necesitan equipos por proyectos temporales como: Aumento de personal; Eventos / Ferías ...,,,2026-09-30T18:59:01
eb856d8dc58a01c8352179c598405918deb59d2f,d2dd4bebe96a0c5d5eb7988b00b326d655150a76,leasing_laptops,Leasing y alquiler de laptops,DISCOVERY,alquiler de notebooks empresas Lima,serper,1,OK,7,Leasein: Alquiler de laptops para empresas y proyectos en Perú,https://leasein.pe/,"Alquiler de laptops para empresas y proyectos. Elige entre HP, Lenovo, Dell y Apple. Con soporte técnico y servicio de entrega en tus oficinas.",,,2026-09-30T18:59:01
eb856d8dc58a01c8352179c598405918deb59d2f,d2dd4bebe96a0c5d5eb7988b00b326d655150a76,leasing_laptops,Leasing y alquiler de laptops,DISCOVERY,alquiler de notebooks empresas Lima,serper,1,OK,8,"Alquiler de laptops en lima - Renting, venta y soporte técnico",https://innovalaptops.com/,"Necesitas alquilar laptops en Perú? En Innova Laptops tenemos los mejores equipos con planes de alquiler flexibles, ideales para negocios, eventos y más.",,,2026-09-30T18:59:01
eb856d8dc58a01c8352179c598405918deb59d2f,d2dd4bebe96a0c5d5eb7988b00b326d655150a76,leasing_laptops,Leasing y alquiler de laptops,DISCOVERY,alquiler de notebooks empresas Lima,serper,1,OK,9,Hard Rental - Alquiler de Laptops | Lima,https://www.facebook.com/alquiler.de.laptops.y.computadoras/,Especialistas en alquiler de laptops y computadoras para empresas. Somos los más rápidos del mercado. Computer Store.,,,2026-09-30T18:59:01
eb856d8dc58a01c8352179c598405918deb59d2f,d2dd4bebe96a0c5d5eb7988b00b326d655150a76,leasing_laptops,Leasing y alquiler de laptops,DISCOVERY,alquiler de notebooks empresas Lima,serper,1,OK,10,Alquiler de Computadores para Empresas,https://www.hp.com/pe-es/shop/alquiler-tecnologia-hp,"El arrendamiento tecnológico de HP permite a las empresas acceder a equipos nuevos y de alto rendimiento mediante el pago de una cuota mensual, sin necesidad de ...",,,2026-09-30T18:59:01
c500678e2c45b1d54e018401623f70021e549bfb,f07e1485bbe2cce2b73aa3db0819a85ca8183a81,leasing_laptops,Leasing y alquiler de laptops,DISCOVERY,alquiler laptop corporativo Perú,serper,1,OK,1,PeruLaptops: Alquiler de laptops para empresas y proyectos ...,https://perulaptops.pe/,"Alquiler de laptops para empresas y proyectos, Contamos con laptops de alto rendimiento I5, I7 Laptops HP, Lenovo, dell servicio de entrega y soporte ...",,,2026-09-30T18:59:03
c500678e2c45b1d54e018401623f70021e549bfb,f07e1485bbe2cce2b73aa3db0819a85ca8183a81,leasing_laptops,Leasing y alquiler de laptops,DISCOVERY,alquiler laptop corporativo Perú,serper,1,OK,2,Hard Rental: Alquiler de Laptops Corporativo en Lima,https://hardrental.com/,"Servicio profesional de alquiler de laptops, PC, tablets, impresoras y proyectores para empresas. Incluye soporte técnico, mantenimiento y equipos de backup.",,,2026-09-30T18:59:03
c500678e2c45b1d54e018401623f70021e549bfb,f07e1485bbe2cce2b73aa3db0819a85ca8183a81,leasing_laptops,Leasing y alquiler de laptops,DISCOVERY,alquiler laptop corporativo Perú,serper,1,OK,3,Leasein: Alquiler de laptops para empresas y proyectos en Perú,https://leasein.pe/,"Alquiler de laptops para empresas y proyectos. Elige entre HP, Lenovo, Dell y Apple. Con soporte técnico y servicio de entrega en tus oficinas.",,,2026-09-30T18:59:03
c500678e2c45b1d54e018401623f70021e549bfb,f07e1485bbe2cce2b73aa3db0819a85ca8183a81,leasing_laptops,Leasing y alquiler de laptops,DISCOVERY,alquiler laptop corporativo Perú,serper,1,OK,4,Alquiler de Computadores para Empresas,https://www.hp.com/pe-es/shop/alquiler-tecnologia-hp,"El arrendamiento tecnológico de HP permite a las empresas acceder a equipos nuevos y de alto rendimiento mediante el pago de una cuota mensual, sin necesidad de ...",,,2026-09-30T18:59:03
c500678e2c45b1d54e018401623f70021e549bfb,f07e1485bbe2cce2b73aa3db0819a85ca8183a81,leasing_laptops,Leasing y alquiler de laptops,DISCOVERY,alquiler laptop corporativo Perú,serper,1,OK,5,"Alquiler de laptops en Lima: precios, opciones y cómo ...",https://thuntech.pe/alquiler-de-laptops-en-lima/,"Esta solución es ideal para empresas en crecimiento, proyectos temporales, eventos corporativos, capacitaciones, trabajo remoto o equipos que ...",,,2026-09-30T18:59:03
c500678e2c45b1d54e018401623f70021e549bfb,f07e1485bbe2cce2b73aa3db0819a85ca8183a81,leasing_laptops,Leasing y alquiler de laptops,DISCOVERY,alquiler laptop corporativo Perú,serper,1,OK,6,"Perú Laptops, alquiler de laptops (@perulaptops) · Lima",https://www.instagram.com/perulaptops/,"Somos líderes en alquiler de Laptops, PCs, Impresoras y Proyectores en Lima, Perú. #LeasingOperativo #SoporteTécnico.",,,2026-09-30T18:59:03
c500678e2c45b1d54e018401623f70021e549bfb,f07e1485bbe2cce2b73aa3db0819a85ca8183a81,leasing_laptops,Leasing y alquiler de laptops,DISCOVERY,alquiler laptop corporativo Perú,serper,1,OK,7,alquiler de laptops a medida,https://systembaseperu.com/blog/alquiler-de-laptops-a-medida/,"... laptops, alquiler de computadoras y renta de equipos de cómputo para empresas. ... Canales de atención. (01) 719-7400 · +51 981 533 864 · informes@itcloud.pe ...",,,2026-09-30T18:59:03
c500678e2c45b1d54e018401623f70021e549bfb,f07e1485bbe2cce2b73aa3db0819a85ca8183a81,leasing_laptops,Leasing y alquiler de laptops,DISCOVERY,alquiler laptop corporativo Perú,serper,1,OK,8,Alquiler de laptops: GlobalSolutions,https://www.globalrentingperu.com/,"En GlobalSolutions nos dedicamos al alquiler de laptops y otros equipos tecnológicos. También brindamos otros servicios como la venta de laptops, monitores, ...",,,2026-09-30T18:59:03
c500678e2c45b1d54e018401623f70021e549bfb,f07e1485bbe2cce2b73aa3db0819a85ca8183a81,leasing_laptops,Leasing y alquiler de laptops,DISCOVERY,alquiler laptop corporativo Perú,serper,1,OK,9,Arrendamiento de laptops para empresas en Peru - CERVware,https://cervware.com/arrendamiento-laptops-empresas-peru/,"Renting tecnologico para empresas: laptops Lenovo, computadoras portatiles, impresoras administradas, soporte asociado y reportes mensuales. Servicios. Renting ...",,,2026-09-30T18:59:03
c500678e2c45b1d54e018401623f70021e549bfb,f07e1485bbe2cce2b73aa3db0819a85ca8183a81,leasing_laptops,Leasing y alquiler de laptops,DISCOVERY,alquiler laptop corporativo Perú,serper,1,OK,10,Alquiler de Laptops Corporativas en Perú,https://alquilalaptops.com/,"Alquila laptops para tu empresa y proyectos en Perú desde 1 día. El alquiler incluye soporte técnico y envío a oficinas. ... *Las laptops incluyen: mochila, mouse ...",,,2026-09-30T18:59:03
