BASE_QUERY_KEY,NICHE_ID,NICHE_NAME,COUNTRY,QUERY_TYPE,QUERY_POSITION,QUERY
3442367bc308789067ca4ab0623a3876aa5d958f,leasing_laptops,Leasing y alquiler de laptops,Perú,DISCOVERY,1,alquiler de laptops empresas Perú
b43e367e2aa2dc8bfbf7f1f32050de8f17d78921,leasing_laptops,Leasing y alquiler de laptops,Perú,DISCOVERY,2,leasing de laptops Perú
5f7041320bbb2628c70b83d6f89d71d144da0655,leasing_laptops,Leasing y alquiler de laptops,Perú,DISCOVERY,3,renting de laptops Perú
2d4f80d068713e79b272cdf3e6f9a04ea2a1f672,leasing_laptops,Leasing y alquiler de laptops,Perú,DISCOVERY,4,arrendamiento de laptops Perú
ee7bbbd7e1a5f247c84dc52e89518669367927d1,leasing_laptops,Leasing y alquiler de laptops,Perú,DISCOVERY,5,alquiler de computadoras empresas Perú
60a999e9153f0b862cc71bf4fc4e5175fa02f083,leasing_laptops,Leasing y alquiler de laptops,Perú,DISCOVERY,6,alquiler de equipos de cómputo Perú
b410f54d16692193fd1ce0df1a5d13095723d5b5,leasing_laptops,Leasing y alquiler de laptops,Perú,DISCOVERY,7,leasing tecnológico Perú
9a65e810305e9f6bdb53848c9770948838997d5b,leasing_laptops,Leasing y alquiler de laptops,Perú,DISCOVERY,8,renting tecnológico Perú
eb856d8dc58a01c8352179c598405918deb59d2f,leasing_laptops,Leasing y alquiler de laptops,Perú,DISCOVERY,9,alquiler de notebooks empresas Lima
c500678e2c45b1d54e018401623f70021e549bfb,leasing_laptops,Leasing y alquiler de laptops,Perú,DISCOVERY,10,alquiler laptop corporativo Perú
